,Magnesium,Sodium,"Sodium, percent total cations",Potassium,Calcium
332,4.32,6.19,21.0,0.57,12.7
333,52.1,79.3,24.0,2.59,129.0
334,35.9,85.1,31.0,2.84,106.0
335,32.6,83.7,32.0,2.56,96.6
336,24.4,86.8,40.0,2.17,72.7
337,24.2,87.2,40.0,2.23,72.0
338,25.2,86.0,39.0,2.27,75.7
339,21.6,81.7,41.0,2.29,67.8
340,19.5,84.7,45.0,1.9,58.5
341,30.6,89.8,36.0,2.35,85.0
342,23.0,79.9,39.0,2.22,70.7
343,11.3,230.0,82.0,1.4,25.7
344,6.84,145.0,79.0,1.17,22.4
345,12.8,263.0,82.0,1.4,27.2
346,17.5,344.0,83.0,1.65,33.4
347,19.0,377.0,84.0,1.66,32.7
348,22.2,417.0,83.0,2.13,37.5
349,1150.0,9140.0,77.0,239.0,324.0
350,1410.0,10900.0,77.0,311.0,375.0
351,2160.0,15000.0,75.0,53.9,721.0
352,2370.0,10500.0,65.0,33.1,980.0
353,753.0,1440.0,44.0,13.2,363.0
354,17.2,138.0,75.0,6.69,8.96
355,19.7,167.0,73.0,3.14,19.1
356,24.3,203.0,73.0,4.55,23.1
357,17.5,151.0,72.0,2.47,22.0
358,17.8,181.0,73.0,3.91,28.4
359,15.5,170.0,74.0,3.03,24.7
360,28.8,328.0,76.0,4.65,42.4
361,21.0,249.0,72.0,39.1,31.3
362,17.3,312.0,85.0,3.71,16.6
363,10.7,193.0,83.0,3.64,15.4
364,14.2,246.0,84.0,2.45,15.8
365,25.6,309.0,81.0,3.33,18.7
366,31.7,300.0,79.0,3.03,17.3
367,33.0,287.0,78.0,2.45,16.7
368,33.0,156.0,50.0,2.04,78.9
369,65.2,29.1,13.0,1.99,57.4
370,43.8,125.0,41.0,2.63,83.1
371,44.2,92.1,35.0,1.13,72.7
372,17.4,30.0,26.0,1.71,45.0
373,37.9,52.2,21.0,2.28,103.0
374,29.7,48.2,22.0,2.4,103.0
375,13.6,17.3,21.0,1.89,34.2
376,39.0,34.1,18.0,1.72,69.7
377,21.4,38.0,30.0,2.2,41.0
378,34.4,99.4,40.0,2.48,72.2
379,39.6,34.6,18.0,1.7,69.2
380,13.8,18.3,22.0,1.98,32.8
381,27.6,44.4,21.0,2.05,99.1
382,35.0,47.5,21.0,2.0,98.9
383,19.4,35.1,27.0,1.75,50.3
384,37.3,76.6,33.0,1.05,70.8
385,28.0,23.9,18.0,1.58,51.1
386,15.8,17.8,20.0,1.94,35.6
387,24.9,40.4,22.0,2.08,83.7
388,34.5,47.8,22.0,2.18,92.5
389,18.8,34.7,28.0,1.91,46.4
390,34.9,72.6,34.0,1.11,67.2
391,28.3,27.1,19.0,1.51,53.3
392,16.9,20.0,21.0,1.91,38.4
393,29.1,49.4,23.0,2.47,94.1
394,34.7,51.3,23.0,2.22,92.7
395,17.0,39.6,34.0,1.45,38.8
396,34.7,74.0,34.0,1.06,67.7
397,36.9,33.4,19.0,1.55,66.5
398,13.9,18.2,22.0,1.88,33.2
399,29.4,49.2,23.0,2.14,98.0
400,17.0,30.3,27.0,1.64,43.6
401,37.9,81.0,35.0,0.93,68.8
402,40.0,35.0,19.0,1.59,67.7
403,13.4,17.2,21.0,1.84,32.7
404,29.3,49.4,22.0,2.22,100.0
405,39.0,57.6,23.0,2.17,99.1
406,28.7,67.6,38.0,2.04,46.1
407,37.7,84.6,38.0,1.05,57.6
408,45.5,132.0,42.0,2.48,84.1
409,45.8,126.0,40.0,2.46,89.7
410,34.7,110.0,43.0,2.18,66.2
411,37.6,53.4,22.0,2.1,101.0
414,40.0,66.0,30.0,3.4,68.0
415,52.0,79.0,29.0,4.9,78.0
416,24.0,45.0,29.0,2.7,53.0
417,30.0,53.0,29.0,2.5,61.0
418,44.0,77.0,32.0,4.0,69.0
421,43.0,84.0,33.0,4.8,77.0
422,47.0,83.0,30.0,5.3,85.0
423,54.0,86.0,29.0,7.1,89.0
424,46.0,90.0,37.0,4.8,54.0
425,45.0,91.0,33.0,7.1,82.0
426,44.0,84.0,32.0,4.8,80.0
427,18.0,36.0,30.0,8.0,40.0
428,40.0,69.0,30.0,5.5,70.0
429,35.0,61.0,29.0,4.0,68.0
430,45.0,74.0,31.0,4.7,67.0
431,38.0,79.0,32.0,5.8,83.0
432,50.0,89.0,30.0,6.9,96.0
433,52.0,87.0,30.0,6.7,89.0
434,46.0,91.0,32.0,6.1,91.0
435,48.0,93.0,34.0,5.7,74.0
436,48.0,89.0,30.0,9.4,95.0
437,38.0,83.0,34.0,16.0,70.0
438,41.0,81.0,33.0,7.1,69.0
439,45.0,87.0,33.0,7.3,75.0
441,54.0,88.0,33.0,6.8,64.0
443,40.0,95.0,34.0,5.9,94.0
445,56.0,107.0,35.0,6.6,80.0
446,49.0,104.0,36.0,5.4,80.0
447,51.0,100.0,33.0,7.4,88.0
448,22.0,41.0,30.0,6.7,43.0
449,12.0,18.0,25.0,2.0,26.0
450,16.0,26.0,24.0,2.0,45.0
451,21.0,31.0,24.0,2.3,50.0
452,34.0,51.0,28.0,3.4,58.0
453,23.0,37.0,27.0,2.7,48.0
454,41.0,60.0,26.0,4.0,76.0
455,48.0,77.0,30.0,4.4,73.0
456,40.0,77.0,29.0,4.6,93.0
457,42.0,65.0,27.0,4.2,82.0
458,40.0,72.0,30.0,4.1,77.0
459,53.0,76.0,32.0,4.2,52.0
460,44.0,74.0,33.0,3.8,55.0
461,40.0,73.0,31.0,3.8,74.0
462,40.0,77.0,32.0,4.0,76.0
463,36.0,78.0,33.0,3.7,75.0
464,55.0,80.0,33.0,1.9,50.0
465,42.0,78.0,36.0,3.8,49.0
466,40.0,77.0,34.0,4.2,62.0
467,41.0,76.0,31.0,3.7,78.0
468,42.0,75.0,31.0,3.8,76.0
469,46.0,80.0,34.0,3.7,58.0
470,44.0,79.0,31.0,3.9,81.0
471,25.0,42.0,28.0,2.8,53.0
472,17.0,26.0,25.0,2.3,39.0
473,13.0,20.0,26.0,2.2,27.0
474,14.0,20.0,23.0,1.7,36.0
475,26.0,40.0,25.0,2.8,58.0
476,14.0,18.0,21.0,2.2,35.0
477,30.0,48.0,27.0,3.6,64.0
478,17.0,28.0,25.0,2.3,45.0
479,20.0,29.0,25.0,2.2,43.0
480,23.0,35.0,25.0,2.3,52.0
481,32.0,53.0,28.0,2.8,66.0
482,44.0,81.0,32.0,5.7,78.0
483,50.0,103.0,34.0,8.4,90.0
484,49.0,87.0,32.0,9.0,78.0
485,43.0,78.0,31.0,12.0,72.0
486,44.0,75.0,30.0,6.6,74.0
487,42.0,78.0,31.0,6.0,77.0
488,19.0,26.0,21.0,3.7,50.0
489,30.0,59.0,33.0,7.1,53.0
490,21.0,20.0,19.0,3.3,39.0
491,22.0,22.0,19.0,3.3,43.0
492,25.0,39.0,27.0,5.0,49.0
493,29.0,51.0,28.0,4.7,65.0
494,31.0,51.0,28.0,6.9,59.0
495,36.0,60.0,28.0,4.4,73.0
496,35.0,62.0,28.0,4.4,78.0
497,35.0,61.0,29.0,3.8,72.0
498,36.0,75.0,30.0,5.5,89.0
499,35.0,66.0,29.0,4.4,78.0
500,40.0,81.0,32.0,4.9,83.0
501,22.0,42.0,29.0,5.6,52.0
502,27.0,49.0,27.0,3.8,68.0
503,33.0,60.0,29.0,4.4,71.0
504,36.0,67.0,29.0,4.6,78.0
505,37.0,62.0,28.0,3.7,73.0
506,37.0,70.0,30.0,4.2,76.0
507,38.0,72.0,31.0,4.9,74.0
516,36.0,58.0,28.0,3.7,72.0
520,40.0,79.0,34.0,6.4,66.0
530,42.0,81.0,35.0,3.4,63.0
532,42.0,66.0,28.0,12.0,74.0
533,48.0,82.0,31.0,8.8,78.0
534,49.0,91.0,34.0,4.7,69.0
535,52.0,92.0,33.0,3.6,73.0
536,51.0,77.0,29.0,4.4,81.0
537,43.0,76.0,30.0,4.6,83.0
538,28.0,44.0,26.0,18.0,54.0
539,23.0,40.0,28.0,8.4,46.0
540,15.0,19.0,22.0,4.9,30.0
541,21.0,27.0,23.0,4.9,40.0
542,34.0,48.0,26.0,6.0,63.0
543,49.0,58.0,28.0,6.1,49.0
544,65.0,63.0,27.0,6.2,39.0
545,49.0,63.0,26.0,5.8,72.0
546,59.0,64.0,26.0,5.6,59.0
547,51.0,60.0,25.0,5.7,69.0
548,44.0,67.0,28.0,4.8,72.0
549,36.0,71.0,33.0,4.9,66.0
550,47.0,68.0,30.0,5.1,55.0
551,43.0,81.0,34.0,3.8,62.0
552,53.0,96.0,34.0,4.2,71.0
553,53.0,96.0,34.0,4.2,71.0
554,17.0,29.0,26.0,2.5,41.0
555,22.0,37.0,28.0,2.2,46.0
556,26.0,53.0,32.0,2.7,53.0
557,28.0,41.0,28.0,2.0,47.0
561,66.0,167.0,41.0,4.2,100.0
562,65.0,169.0,40.0,3.8,115.0
563,63.0,165.0,38.0,3.8,125.0
564,58.0,150.0,40.0,2.4,101.0
565,40.0,43.0,22.0,2.0,67.0
566,44.0,52.0,24.0,2.3,68.0
567,44.0,52.0,24.0,2.1,71.0
568,42.0,56.0,25.0,2.4,74.0
569,37.0,46.0,24.0,2.4,68.0
570,35.0,43.0,23.0,2.2,64.0
571,39.0,46.0,24.0,2.2,64.0
572,38.0,52.0,26.0,2.2,67.0
573,39.0,55.0,26.0,2.2,68.0
574,40.0,63.0,29.0,2.5,68.0
575,42.0,65.0,28.0,2.4,72.0
576,44.0,69.0,30.0,2.5,67.0
577,45.0,66.0,29.0,2.5,63.0
578,44.0,74.0,31.0,2.8,70.0
579,46.0,80.0,33.0,3.0,66.0
580,48.0,82.0,33.0,2.9,64.0
581,52.0,91.0,38.0,2.7,43.0
582,49.0,102.0,39.0,3.2,57.0
583,58.0,60.0,20.0,34.0,98.0
584,58.0,60.0,20.0,34.0,98.0
585,50.0,71.0,26.0,19.0,80.0
586,61.0,86.0,26.0,18.0,106.0
587,60.0,100.0,28.0,29.0,107.0
588,57.0,102.0,30.0,18.0,106.0
589,56.0,105.0,31.0,18.0,106.0
590,31.0,68.0,32.0,17.0,64.0
591,41.0,71.0,29.0,25.0,72.0
592,57.0,93.0,29.0,19.0,96.0
593,69.0,117.0,30.0,18.0,117.0
594,67.0,123.0,30.0,20.0,129.0
595,30.0,51.0,28.0,24.0,50.0
596,54.0,100.0,31.0,16.0,95.0
597,70.0,102.0,27.0,16.0,113.0
598,72.0,124.0,33.0,14.0,95.0
599,75.0,132.0,34.0,11.0,93.0
600,76.0,135.0,32.0,13.0,120.0
601,76.0,139.0,33.0,13.0,109.0
602,78.0,144.0,33.0,13.0,121.0
603,80.0,147.0,32.0,14.0,136.0
604,48.0,61.0,25.0,9.4,78.0
605,48.0,54.0,23.0,8.0,75.0
606,49.0,60.0,24.0,8.2,78.0
607,80.0,120.0,28.0,12.0,126.0
608,28.0,39.0,26.0,1.7,52.0
609,36.0,68.0,35.0,2.6,48.0
610,36.0,68.0,35.0,2.6,48.0
611,40.0,54.0,27.0,2.5,58.0
612,35.0,54.0,28.0,2.3,61.0
613,38.0,56.0,28.0,2.3,61.0
614,35.0,60.0,29.0,2.7,68.0
615,40.0,63.0,31.0,2.6,56.0
616,45.0,69.0,31.0,2.6,60.0
617,42.0,67.0,27.0,3.4,83.0
618,38.0,62.0,28.0,2.4,77.0
619,37.0,64.0,29.0,2.3,77.0
620,43.0,71.0,28.0,4.3,85.0
621,48.0,78.0,29.0,5.2,85.0
622,48.0,70.0,28.0,4.0,77.0
623,49.0,71.0,28.0,3.4,78.0
624,47.0,79.0,30.0,3.6,83.0
625,47.0,77.0,30.0,6.4,73.0
626,46.0,71.0,28.0,4.5,83.0
627,42.0,66.0,29.0,3.4,73.0
628,45.0,72.0,30.0,3.2,74.0
629,44.0,69.0,29.0,2.9,72.0
630,43.0,70.0,30.0,2.7,69.0
631,46.0,70.0,30.0,2.7,68.0
632,42.0,70.0,30.0,2.7,70.0
633,44.0,73.0,31.0,2.6,67.0
641,8.4,22.0,36.0,1.1,19.0
645,17.0,100.0,63.0,4.4,22.0
646,16.0,87.0,60.0,4.2,21.0
652,31.0,28.0,18.0,2.5,56.0
655,49.0,60.0,24.0,8.4,82.0
656,55.0,91.0,30.0,21.0,80.0
657,63.0,108.0,32.0,24.0,87.0
658,71.0,114.0,31.0,15.0,101.0
659,65.0,118.0,32.0,14.0,108.0
660,63.0,118.0,32.0,15.0,107.0
661,64.0,121.0,34.0,38.0,79.0
662,39.0,83.0,34.0,23.0,65.0
663,45.0,119.0,39.0,21.0,75.0
664,47.0,96.0,34.0,41.0,67.0
665,14.0,16.0,21.0,5.4,28.0
666,11.0,13.0,20.0,3.0,25.0
667,12.0,15.0,22.0,3.4,25.0
668,18.0,26.0,25.0,3.3,38.0
669,20.0,36.0,29.0,6.2,39.0
671,12.0,14.0,21.0,2.1,24.0
672,21.0,26.0,25.0,2.5,32.0
673,24.0,44.0,29.0,4.8,53.0
674,45.0,88.0,33.0,10.0,77.0
675,62.0,106.0,30.0,12.0,106.0
676,70.0,125.0,31.0,12.0,123.0
677,69.0,132.0,30.0,10.0,152.0
678,82.0,162.0,35.0,13.0,122.0
679,79.0,166.0,34.0,13.0,138.0
680,68.0,174.0,35.0,13.0,157.0
681,64.0,166.0,35.0,14.0,151.0
682,48.0,140.0,38.0,13.0,113.0
683,30.0,129.0,50.0,8.4,58.0
684,24.0,94.0,48.0,6.0,47.0
685,19.0,68.0,46.0,3.6,37.0
686,17.0,64.0,46.0,3.2,35.0
687,16.0,56.0,45.0,2.4,33.0
688,13.0,42.0,43.0,2.2,26.0
689,20.0,52.0,38.0,3.0,39.0
690,14.0,42.0,42.0,2.3,27.0
691,15.0,42.0,39.0,2.2,31.0
692,26.0,54.0,33.0,4.3,49.0
693,16.0,44.0,40.0,2.6,30.0
694,12.0,50.0,48.0,2.4,26.0
695,16.0,58.0,47.0,3.0,30.0
696,16.0,64.0,50.0,2.8,29.0
697,79.0,109.0,28.0,3.9,115.0
698,57.0,77.0,27.0,4.2,87.0
699,54.0,83.0,28.0,3.6,98.0
700,14.0,19.0,24.0,3.9,27.0
701,10.0,16.0,25.0,3.1,23.0
702,17.0,23.0,24.0,2.7,34.0
703,25.0,34.0,25.0,3.2,46.0
704,21.0,34.0,27.0,3.7,43.0
705,12.0,18.0,25.0,1.9,26.0
706,20.0,30.0,25.0,2.4,43.0
707,30.0,50.0,28.0,4.1,60.0
708,39.0,65.0,30.0,3.9,66.0
709,44.0,70.0,29.0,4.2,74.0
710,28.0,44.0,27.0,2.5,58.0
711,26.0,41.0,26.0,2.3,59.0
712,25.0,43.0,27.0,2.4,61.0
713,28.0,44.0,26.0,2.7,59.0
714,25.0,42.0,27.0,1.8,56.0
716,31.0,94.0,42.0,4.6,61.0
717,20.0,78.0,46.0,3.6,44.0
718,17.0,46.0,38.0,2.5,37.0
719,18.0,46.0,37.0,2.7,37.0
720,23.0,58.0,36.0,3.5,49.0
721,15.0,46.0,42.0,2.5,30.0
722,16.0,50.0,41.0,2.8,34.0
723,18.0,53.0,41.0,3.1,34.0
724,20.0,61.0,42.0,3.3,38.0
731,15.0,73.0,53.0,2.9,31.0
733,9.7,36.0,46.0,2.1,20.0
737,14.0,58.0,50.0,2.6,26.0
744,21.0,22.0,17.0,1.8,56.0
748,41.0,62.0,28.0,3.2,67.0
749,17.0,67.0,49.0,3.3,32.0
750,11.0,28.0,33.0,6.8,27.0
751,22.0,69.0,43.0,5.4,40.0
752,22.0,87.0,49.0,4.6,40.0
753,24.0,108.0,52.0,5.9,45.0
754,22.0,95.0,50.0,5.2,43.0
755,37.0,108.0,41.0,8.8,69.0
756,35.0,114.0,46.0,18.0,50.0
757,55.0,195.0,56.0,3.1,39.0
758,63.0,174.0,45.0,18.0,71.0
759,24.0,100.0,49.0,4.8,47.0
760,31.0,112.0,48.0,7.2,50.0
763,14.0,22.0,26.0,3.2,30.0
764,23.0,44.0,31.0,4.9,45.0
765,15.0,25.0,28.0,3.3,31.0
766,28.0,57.0,34.0,4.3,50.0
767,46.0,112.0,40.0,6.6,67.0
768,28.0,112.0,49.0,5.4,52.0
769,27.0,99.0,47.0,7.6,50.0
770,20.0,39.0,32.0,3.5,39.0
771,25.0,39.0,27.0,3.0,47.0
772,20.0,33.0,28.0,3.4,39.0
773,25.0,36.0,26.0,3.0,45.0
774,32.0,53.0,29.0,3.0,59.0
775,50.0,131.0,42.0,6.8,75.0
776,22.0,84.0,48.0,3.7,41.0
777,22.0,72.0,44.0,3.8,41.0
778,30.0,74.0,38.0,5.4,53.0
779,21.0,56.0,40.0,3.6,38.0
780,19.0,67.0,46.0,4.1,35.0
781,11.0,30.0,36.0,6.0,26.0
782,22.0,66.0,41.0,4.7,44.0
783,22.0,85.0,47.0,4.8,45.0
784,24.0,91.0,47.0,5.2,49.0
785,27.0,86.0,41.0,4.4,61.0
786,31.0,72.0,35.0,6.3,62.0
787,38.0,96.0,39.0,8.4,62.0
788,40.0,125.0,43.0,8.8,76.0
789,24.0,95.0,49.0,4.8,45.0
790,25.0,113.0,50.0,6.8,54.0
791,14.0,38.0,36.0,7.4,33.0
792,8.5,13.0,22.0,2.9,24.0
793,21.0,39.0,30.0,3.7,43.0
794,14.0,24.0,27.0,3.7,32.0
795,30.0,58.0,32.0,4.6,56.0
796,29.0,97.0,44.0,4.7,57.0
797,26.0,81.0,42.0,5.0,53.0
798,19.0,30.0,27.0,3.4,37.0
799,27.0,46.0,29.0,3.6,52.0
800,18.0,26.0,25.0,2.8,37.0
801,19.0,28.0,25.0,5.2,40.0
802,25.0,44.0,27.0,2.6,61.0
803,34.0,55.0,28.0,3.1,65.0
804,51.0,100.0,35.0,5.0,72.0
806,25.0,78.0,39.0,4.0,64.0
807,29.0,71.0,37.0,4.2,55.0
808,25.0,62.0,37.0,3.7,47.0
809,22.0,60.0,40.0,3.9,40.0
810,27.0,61.0,35.0,4.6,50.0
811,25.0,52.0,33.0,3.1,50.0
812,23.0,44.0,31.0,3.4,44.0
813,19.0,42.0,34.0,3.0,38.0
814,19.0,44.0,36.0,2.4,37.0
815,19.0,47.0,37.0,3.1,38.0
816,18.0,54.0,40.0,3.1,38.0
817,20.0,66.0,44.0,3.3,38.0
825,8.0,31.0,46.0,2.0,18.0
829,14.0,44.0,45.0,2.2,23.0
837,34.0,44.0,24.0,1.9,62.0
840,22.0,67.0,43.0,4.4,38.0
841,20.0,67.0,44.0,5.2,39.0
842,18.0,59.0,45.0,4.2,32.0
843,18.0,62.0,44.0,3.4,38.0
844,28.0,80.0,40.0,5.1,56.0
845,27.0,68.0,37.0,5.0,53.0
846,20.0,60.0,40.0,8.7,40.0
847,20.0,73.0,44.0,5.1,45.0
848,21.0,70.0,43.0,5.4,44.0
849,33.0,70.0,34.0,4.9,64.0
850,19.0,66.0,44.0,4.1,41.0
851,19.0,64.0,44.0,3.0,37.0
852,15.0,29.0,30.0,3.5,33.0
853,29.0,50.0,30.0,3.6,52.0
854,34.0,74.0,34.0,4.7,66.0
855,26.0,78.0,42.0,3.4,49.0
856,25.0,82.0,45.0,3.0,45.0
857,27.0,72.0,40.0,3.3,46.0
858,32.0,60.0,37.0,3.8,34.0
859,30.0,76.0,38.0,4.9,56.0
860,23.0,66.0,40.0,3.8,45.0
861,29.0,66.0,35.0,3.5,57.0
862,29.0,70.0,37.0,5.4,54.0
863,19.0,48.0,39.0,3.9,33.0
864,16.0,43.0,38.0,3.3,34.0
865,16.0,41.0,38.0,2.6,31.0
866,17.0,43.0,39.0,3.2,30.0
867,16.0,39.0,37.0,2.9,29.0
870,17.0,65.0,49.0,2.8,30.0
878,15.0,56.0,47.0,2.2,30.0
882,15.0,70.0,55.0,2.8,23.0
888,25.0,20.0,17.0,1.6,43.0
899,35.0,60.0,28.0,2.9,74.0
903,7.4,42.0,39.0,2.7,43.0
910,7.3,29.0,45.0,1.6,18.0
914,14.0,56.0,46.0,2.7,33.0
923,37.0,50.0,25.0,2.4,67.0
933,13.0,42.0,42.0,1.8,28.0
937,19.0,70.0,49.0,3.1,30.0
945,7.3,22.0,40.0,1.4,16.0
948,13.0,54.0,54.0,2.5,18.0
951,18.0,72.0,49.0,3.0,33.0
952,22.0,86.0,49.0,4.0,41.0
953,32.0,72.0,35.0,3.4,64.0
954,12.0,18.0,25.0,2.1,26.0
955,34.0,64.0,31.0,3.6,68.0
956,20.0,37.0,30.0,2.1,41.0
957,15.0,21.0,24.0,1.7,33.0
958,33.0,60.0,31.0,3.1,63.0
959,38.0,72.0,32.0,3.6,72.0
970,4.4,32.0,48.0,1.6,22.0
973,10.0,34.0,46.0,2.2,17.0
977,14.0,67.0,53.0,2.7,27.0
978,20.0,97.0,53.0,3.4,39.0
979,13.0,44.0,44.0,2.4,26.0
980,8.5,21.0,37.0,1.6,16.0
981,10.0,27.0,41.0,2.2,16.0
982,11.0,38.0,47.0,2.5,18.0
983,14.0,74.0,61.0,3.8,16.0
984,13.0,52.0,51.0,2.6,20.0
992,21.0,37.0,32.0,1.7,34.0
993,31.0,69.0,34.0,3.1,66.0
996,12.0,35.0,44.0,2.3,18.0
997,14.0,49.0,48.0,2.9,21.0
998,24.0,114.0,55.0,5.3,40.0
999,23.0,99.0,51.0,4.9,41.0
1000,31.0,144.0,54.0,4.2,54.0
1001,3.0,7.2,31.0,1.5,8.3
1003,10.0,37.0,45.0,2.3,21.0
1005,10.0,38.0,49.0,2.4,17.0
1008,14.0,63.0,49.0,1.9,33.0
1010,6.5,17.0,36.0,1.6,15.0
1011,26.0,57.0,34.0,2.6,51.0
1012,17.0,41.0,33.0,1.5,43.0
1013,5.2,14.0,33.0,2.4,15.0
1014,1.7,3.8,26.0,1.4,5.8
1015,27.0,59.0,35.0,2.1,50.0
1016,2.1,4.5,27.0,1.3,6.5
1017,8.0,18.0,32.0,1.7,20.0
1018,3.8,11.0,36.0,1.1,10.0
1019,36.0,92.0,39.0,3.3,67.0
1020,36.0,96.0,40.0,3.9,65.0
1021,2.1,5.3,28.0,1.5,7.5
1022,2.4,5.7,29.0,1.5,7.7
1023,40.0,32.0,22.0,1.4,30.0
1024,4.1,6.2,29.0,1.5,5.4
1025,6.7,7.5,23.0,1.5,9.8
1027,2.9,5.4,26.0,1.3,8.0
1028,9.8,19.0,29.0,2.9,22.0
1029,6.0,14.0,32.0,1.2,16.0
1030,4.1,9.1,28.0,1.0,13.0
1031,5.2,3.2,16.0,0.6,5.7
1032,8.3,4.5,16.0,0.7,7.1
1033,30.0,83.0,42.0,4.6,48.0
1034,74.0,100.0,25.0,3.5,140.0
1035,54.0,130.0,35.0,2.5,120.0
1036,30.0,30.0,18.0,2.0,65.0
1037,79.0,39.0,15.0,2.7,68.0
1038,70.0,130.0,35.0,3.1,95.0
1039,70.0,46.0,19.0,2.2,57.0
1061,33.0,110.0,47.0,8.5,49.0
1144,19.0,59.0,43.0,4.9,35.0
1147,17.0,71.0,55.0,4.4,21.0
1160,24.0,58.0,35.0,2.2,55.0
1163,26.0,51.0,29.0,2.2,64.0
1167,22.0,64.0,40.0,2.3,46.0
1170,23.0,61.0,37.0,2.7,53.0
1180,74.0,77.0,21.0,3.7,130.0
1188,26.0,340.0,76.0,6.0,47.0
1190,23.0,50.0,33.0,2.4,49.0
1192,89.0,260.0,51.0,2.2,66.0
1193,95.0,95.0,23.0,2.6,120.0
1194,65.0,50.0,17.0,6.3,99.0
1204,40.0,100.0,37.0,2.1,80.0
1212,24.0,32.0,24.0,1.6,48.0
1213,34.0,34.0,19.0,1.3,69.0
1214,55.0,110.0,34.0,3.0,93.0
1216,33.0,40.0,25.0,3.0,46.0
1217,78.0,48.0,13.0,2.5,140.0
1218,25.0,83.0,49.0,1.2,34.0
1220,90.0,150.0,35.0,0.8,92.0
1222,67.0,150.0,40.0,1.2,87.0
1224,48.0,57.0,24.0,1.8,80.0
1225,64.0,110.0,32.0,1.5,100.0
1227,58.0,32.0,11.0,2.3,130.0
1229,67.0,53.0,20.0,1.5,72.0
1230,15.0,23.0,27.0,1.2,29.0
1231,190.0,140.0,17.0,2.5,300.0
1233,30.0,49.0,29.0,1.7,54.0
1234,11.0,29.0,38.0,1.2,22.0
1235,59.0,84.0,32.0,1.1,58.0
1242,29.0,66.0,34.0,2.2,65.0
1243,25.0,33.0,23.0,1.9,53.0
1254,76.0,37.0,14.0,2.1,67.0
1271,75.0,120.0,30.0,3.2,120.0
1279,64.0,200.0,38.0,1.5,180.0
1281,48.0,150.0,51.0,1.6,45.0
1291,72.0,47.0,19.0,2.1,56.0
1299,58.0,94.0,36.0,2.6,48.0
1301,65.0,140.0,39.0,2.5,81.0
1302,49.0,61.0,28.0,2.0,52.0
1303,720.0,2300.0,54.0,3.1,490.0
1305,52.0,210.0,57.0,1.0,53.0
1307,72.0,140.0,38.0,2.5,79.0
1309,59.0,140.0,46.0,4.3,45.0
1311,58.0,110.0,36.0,2.1,71.0
1312,20.0,130.0,60.0,1.8,43.0
1313,26.0,150.0,64.0,2.3,31.0
1315,39.0,210.0,61.0,2.3,51.0
1317,38.0,200.0,61.0,1.5,46.0
1319,58.0,28.0,14.0,1.8,50.0
1320,35.0,59.0,27.0,1.2,84.0
1321,43.0,360.0,74.0,2.6,39.0
1323,94.0,570.0,66.0,1.2,100.0
1324,36.0,110.0,47.0,1.1,48.0
1325,35.0,580.0,81.0,1.1,59.0
1326,32.0,250.0,73.0,0.9,27.0
1357,33.0,100.0,45.0,2.2,51.0
1360,23.0,57.0,35.0,1.8,53.0
1364,27.0,53.0,29.0,2.0,66.0
1368,24.0,71.0,39.0,2.1,55.0
1372,30.0,80.0,36.0,3.0,74.0
1374,66.0,96.0,25.0,6.5,140.0
1377,79.0,83.0,22.0,3.6,130.0
1378,76.0,70.0,19.0,4.5,140.0
1383,28.0,390.0,79.0,2.5,42.0
1385,48.0,110.0,35.0,2.5,100.0
1389,89.0,290.0,54.0,2.1,69.0
1390,72.0,300.0,53.0,6.2,110.0
1394,93.0,90.0,24.0,2.2,100.0
1395,92.0,95.0,25.0,2.2,100.0
1399,50.0,63.0,25.0,5.4,82.0
1400,61.0,66.0,22.0,4.5,98.0
1402,61.0,110.0,31.0,5.0,110.0
1405,65.0,140.0,34.0,2.5,130.0
1406,57.0,130.0,33.0,4.3,130.0
1412,53.0,50.0,18.0,0.5,110.0
1413,52.0,53.0,19.0,0.7,110.0
1415,28.0,38.0,23.0,1.6,61.0
1416,34.0,56.0,27.0,2.1,73.0
1418,28.0,38.0,25.0,1.7,54.0
1422,33.0,35.0,20.0,1.1,69.0
1423,32.0,37.0,21.0,1.1,69.0
1426,46.0,87.0,31.0,2.6,89.0
1430,77.0,44.0,13.0,2.0,130.0
1434,67.0,50.0,16.0,2.2,120.0
1435,67.0,53.0,17.0,2.2,120.0
1438,23.0,81.0,49.0,1.0,34.0
1441,94.0,150.0,35.0,0.7,89.0
1444,69.0,150.0,39.0,0.9,88.0
1448,47.0,100.0,34.0,1.3,92.0
1450,62.0,110.0,33.0,1.3,91.0
1451,59.0,120.0,36.0,1.4,89.0
1452,60.0,35.0,11.0,2.0,150.0
1456,90.0,53.0,13.0,2.0,150.0
1458,16.0,23.0,26.0,1.2,30.0
1459,45.0,150.0,47.0,1.0,72.0
1461,190.0,140.0,17.0,2.3,300.0
1462,200.0,140.0,16.0,2.6,300.0
1464,36.0,50.0,26.0,1.7,63.0
1466,12.0,31.0,39.0,1.2,22.0
1468,61.0,120.0,38.0,1.0,67.0
1471,100.0,46.0,16.0,1.3,52.0
1474,28.0,31.0,20.0,0.7,61.0
1475,27.0,34.0,22.0,0.4,63.0
1477,65.0,85.0,31.0,1.2,60.0
1480,54.0,32.0,17.0,1.8,47.0
1487,39.0,20.0,14.0,1.2,44.0
1489,150.0,290.0,32.0,1.2,290.0
1490,140.0,300.0,34.0,1.6,280.0
1492,30.0,68.0,35.0,2.0,62.0
1493,38.0,26.0,18.0,2.1,40.0
1495,130.0,76.0,18.0,1.0,78.0
1496,130.0,86.0,20.0,1.1,79.0
1498,26.0,35.0,24.0,1.6,54.0
1499,83.0,120.0,29.0,3.1,120.0
1500,90.0,110.0,26.0,2.8,120.0
1501,82.0,110.0,29.0,2.7,100.0
1503,63.0,38.0,15.0,3.6,80.0
1506,75.0,38.0,15.0,1.9,61.0
1507,63.0,37.0,14.0,3.1,88.0
1512,61.0,120.0,35.0,5.3,92.0
1514,78.0,140.0,36.0,3.0,91.0
1515,74.0,120.0,32.0,4.5,100.0
1521,60.0,200.0,39.0,1.0,170.0
1522,59.0,200.0,39.0,1.3,170.0
1524,48.0,140.0,49.0,1.0,46.0
1526,56.0,43.0,18.0,3.5,72.0
1529,70.0,50.0,20.0,1.9,55.0
1530,62.0,48.0,19.0,3.3,78.0
1536,100.0,66.0,19.0,2.4,82.0
1538,67.0,140.0,39.0,2.3,79.0
1540,57.0,61.0,26.0,1.8,59.0
1542,650.0,1800.0,51.0,1.7,450.0
1543,590.0,1700.0,51.0,3.3,450.0
1544,93.0,49.0,18.0,0.8,39.0
1546,2100.0,8300.0,65.0,15.0,510.0
1547,2000.0,8600.0,66.0,12.0,540.0
1551,76.0,140.0,37.0,1.0,79.0
1553,61.0,130.0,43.0,3.0,46.0
1554,53.0,300.0,57.0,1.7,110.0
1555,32.0,100.0,38.0,1.9,89.0
1557,52.0,130.0,43.0,1.8,62.0
1559,20.0,120.0,58.0,1.6,42.0
1561,27.0,140.0,62.0,1.0,30.0
1563,37.0,220.0,63.0,2.0,53.0
1565,33.0,190.0,62.0,1.0,46.0
1567,56.0,28.0,14.0,1.8,52.0
1569,38.0,58.0,24.0,0.6,97.0
1571,40.0,340.0,74.0,5.0,38.0
1573,290.0,830.0,43.0,4.1,480.0
1574,300.0,870.0,44.0,4.3,480.0
1576,66.0,220.0,45.0,2.0,120.0
1577,61.0,220.0,46.0,1.3,120.0
1579,29.0,530.0,84.0,1.0,40.0
1580,34.0,550.0,81.0,2.1,54.0
1582,38.0,73.0,22.0,1.2,160.0
1583,37.0,73.0,22.0,0.9,170.0
1584,11.0,90.0,62.0,0.9,30.0
1586,260.0,1200.0,60.0,5.0,280.0
1587,180.0,1000.0,64.0,2.7,200.0
1589,88.0,550.0,66.0,1.2,96.0
1590,33.0,210.0,68.0,0.6,33.0
1591,1500.0,9200.0,69.0,7.0,1100.0
1593,32.0,100.0,47.0,1.4,44.0
1595,33.0,600.0,82.0,0.9,63.0
1596,27.0,150.0,59.0,1.0,45.0
1598,31.0,260.0,74.0,0.8,27.0
1600,38.0,93.0,32.0,0.6,110.0
1601,35.0,87.0,31.0,1.1,110.0
1627,30.0,160.0,62.0,8.2,31.0
1646,29.0,68.0,35.0,2.1,63.0
1652,31.0,84.0,38.0,2.5,67.0
1654,30.0,89.0,39.0,3.1,71.0
1655,22.0,430.0,84.0,5.6,32.0
1656,30.0,420.0,80.0,6.3,39.0
1657,66.0,190.0,44.0,5.2,100.0
1658,62.0,220.0,50.0,6.1,88.0
1659,50.0,120.0,37.0,3.8,93.0
1660,56.0,130.0,36.0,3.7,110.0
1661,30.0,71.0,36.0,2.2,60.0
1662,15.0,40.0,38.0,2.1,31.0
1663,30.0,220.0,70.0,2.8,33.0
1664,45.0,150.0,52.0,4.2,44.0
1665,49.0,260.0,62.0,4.2,54.0
1666,120.0,260.0,46.0,3.5,67.0
1667,86.0,280.0,53.0,4.6,74.0
1668,100.0,88.0,22.0,2.6,100.0
1669,43.0,70.0,31.0,4.3,63.0
1670,100.0,64.0,20.0,2.3,52.0
1671,80.0,55.0,21.0,2.6,48.0
1672,83.0,58.0,21.0,2.3,49.0
1673,68.0,180.0,38.0,2.5,140.0
1674,73.0,140.0,32.0,2.9,140.0
1675,56.0,51.0,18.0,0.5,110.0
1676,47.0,47.0,18.0,0.6,110.0
1677,47.0,48.0,18.0,0.7,110.0
1678,41.0,60.0,26.0,2.6,78.0
1679,40.0,59.0,26.0,2.2,80.0
1680,39.0,56.0,25.0,2.9,80.0
1681,38.0,52.0,25.0,2.0,71.0
1682,31.0,53.0,29.0,2.1,60.0
1683,35.0,37.0,20.0,1.2,71.0
1684,61.0,81.0,24.0,3.2,120.0
1685,66.0,49.0,16.0,2.7,120.0
1686,74.0,160.0,39.0,1.6,96.0
1687,69.0,180.0,41.0,1.7,110.0
1688,22.0,33.0,29.0,1.3,35.0
1689,20.0,33.0,26.0,1.3,48.0
1690,71.0,150.0,40.0,0.9,81.0
1691,58.0,160.0,44.0,1.1,82.0
1692,74.0,120.0,29.0,3.5,130.0
1693,66.0,160.0,37.0,1.2,130.0
1694,26.0,28.0,21.0,1.8,49.0
1695,27.0,35.0,24.0,1.6,51.0
1696,26.0,30.0,21.0,1.7,54.0
1697,29.0,100.0,54.0,1.2,27.0
1698,29.0,100.0,53.0,1.5,29.0
1699,26.0,82.0,50.0,2.9,27.0
1700,24.0,80.0,50.0,4.4,27.0
1701,29.0,84.0,48.0,2.8,30.0
1702,62.0,120.0,36.0,1.6,86.0
1703,19.0,25.0,24.0,1.0,36.0
1704,19.0,22.0,22.0,1.3,36.0
1705,42.0,35.0,17.0,1.9,83.0
1706,42.0,35.0,17.0,2.1,81.0
1707,32.0,40.0,19.0,2.2,94.0
1708,38.0,36.0,18.0,2.0,83.0
1709,44.0,130.0,44.0,1.4,69.0
1710,44.0,130.0,44.0,1.9,69.0
1711,46.0,140.0,44.0,2.0,78.0
1712,45.0,140.0,44.0,1.8,79.0
1713,210.0,140.0,16.0,2.3,290.0
1714,210.0,140.0,16.0,2.2,300.0
1715,200.0,160.0,18.0,2.8,300.0
1716,36.0,56.0,28.0,1.7,63.0
1717,34.0,58.0,30.0,2.2,62.0
1718,12.0,36.0,43.0,0.9,22.0
1719,13.0,29.0,35.0,1.2,25.0
1720,55.0,120.0,41.0,1.2,59.0
1721,41.0,120.0,45.0,1.4,58.0
1722,100.0,52.0,17.0,1.4,50.0
1723,120.0,42.0,12.0,1.1,60.0
1724,110.0,46.0,14.0,1.6,62.0
1725,27.0,39.0,28.0,2.2,42.0
1726,25.0,41.0,30.0,2.6,42.0
1727,27.0,66.0,38.0,1.4,50.0
1728,25.0,71.0,41.0,1.7,47.0
1729,55.0,52.0,18.0,3.3,110.0
1730,40.0,44.0,21.0,2.5,76.0
1731,34.0,39.0,21.0,1.9,71.0
1732,170.0,240.0,34.0,1.4,130.0
1733,150.0,200.0,32.0,1.5,130.0
1734,130.0,210.0,35.0,1.3,130.0
1735,30.0,31.0,19.0,0.4,62.0
1736,30.0,31.0,19.0,0.4,65.0
1737,29.0,31.0,19.0,0.6,65.0
1738,67.0,95.0,33.0,1.0,60.0
1739,67.0,110.0,35.0,1.4,66.0
1740,48.0,31.0,20.0,1.4,30.0
1741,53.0,30.0,18.0,1.9,35.0
1742,28.0,32.0,21.0,1.7,61.0
1743,28.0,32.0,21.0,2.0,60.0
1744,19.0,37.0,23.0,1.9,74.0
1745,25.0,30.0,20.0,1.6,62.0
1746,70.0,56.0,16.0,3.5,140.0
1747,58.0,55.0,18.0,3.0,120.0
1748,55.0,51.0,17.0,2.4,120.0
1749,28.0,44.0,28.0,1.7,50.0
1750,30.0,47.0,28.0,2.0,54.0
1751,15.0,51.0,44.0,1.5,31.0
1752,58.0,35.0,18.0,1.9,40.0
1753,49.0,37.0,22.0,2.4,33.0
1754,49.0,38.0,22.0,2.1,34.0
1755,50.0,84.0,38.0,6.3,35.0
1756,40.0,23.0,15.0,1.1,44.0
1757,39.0,23.0,15.0,1.0,45.0
1758,36.0,22.0,16.0,1.1,40.0
1759,38.0,27.0,19.0,1.4,39.0
1760,150.0,280.0,32.0,1.4,270.0
1761,140.0,280.0,33.0,1.2,270.0
1762,160.0,300.0,32.0,1.3,290.0
1763,56.0,27.0,14.0,2.0,52.0
1764,58.0,28.0,14.0,2.1,48.0
1765,51.0,30.0,15.0,2.1,60.0
1766,52.0,29.0,15.0,1.9,52.0
1767,32.0,70.0,34.0,2.0,66.0
1768,31.0,70.0,33.0,2.5,69.0
1769,42.0,23.0,15.0,1.9,40.0
1770,41.0,23.0,16.0,2.1,40.0
1771,41.0,29.0,19.0,2.3,42.0
1772,54.0,36.0,15.0,2.2,92.0
1773,52.0,42.0,17.0,2.3,96.0
1774,45.0,36.0,18.0,1.8,72.0
1775,44.0,36.0,18.0,1.8,66.0
1776,36.0,40.0,20.0,2.0,78.0
1777,43.0,39.0,19.0,1.8,71.0
1778,72.0,26.0,12.0,1.3,41.0
1779,44.0,81.0,31.0,4.3,81.0
1781,50.0,84.0,38.0,6.3,35.0
1782,130.0,81.0,20.0,0.9,76.0
1783,110.0,82.0,22.0,1.0,70.0
1784,120.0,85.0,21.0,1.3,82.0
1785,56.0,66.0,22.0,2.4,110.0
1786,47.0,50.0,20.0,2.5,96.0
1787,71.0,36.0,16.0,1.9,50.0
1788,75.0,40.0,17.0,1.5,48.0
1789,81.0,38.0,15.0,1.3,49.0
1790,28.0,35.0,23.0,1.5,58.0
1791,29.0,38.0,23.0,1.8,61.0
1792,72.0,100.0,29.0,2.4,91.0
1793,86.0,110.0,27.0,2.1,110.0
1794,90.0,110.0,27.0,3.1,110.0
1795,67.0,42.0,14.0,3.2,120.0
1796,65.0,43.0,14.0,2.7,120.0
1797,68.0,44.0,13.0,2.5,140.0
1798,96.0,45.0,14.0,2.1,77.0
1799,89.0,53.0,17.0,2.3,74.0
1800,78.0,35.0,14.0,1.6,51.0
1801,75.0,33.0,14.0,2.4,56.0
1802,76.0,34.0,14.0,2.2,55.0
1803,57.0,190.0,39.0,1.3,170.0
1804,71.0,44.0,15.0,2.4,91.0
1805,78.0,45.0,14.0,2.7,110.0
1806,78.0,46.0,15.0,2.6,100.0
1807,48.0,140.0,49.0,1.4,45.0
1808,49.0,140.0,49.0,2.1,44.0
1809,75.0,42.0,17.0,1.8,57.0
1810,60.0,44.0,20.0,1.9,50.0
1811,100.0,72.0,21.0,2.8,74.0
1812,82.0,93.0,29.0,2.5,63.0
1813,69.0,140.0,39.0,2.0,76.0
1814,72.0,140.0,37.0,2.6,84.0
1815,87.0,72.0,21.0,2.4,88.0
1816,85.0,88.0,26.0,1.8,83.0
1817,73.0,100.0,28.0,3.0,100.0
1818,40.0,64.0,34.0,1.8,43.0
1819,90.0,70.0,21.0,1.8,75.0
1820,87.0,86.0,26.0,2.5,69.0
1821,590.0,1700.0,50.0,2.6,500.0
1822,61.0,29.0,14.0,1.8,53.0
1823,60.0,30.0,15.0,1.8,50.0
1824,50.0,34.0,17.0,2.0,64.0
1825,51.0,41.0,21.0,1.9,47.0
1826,88.0,89.0,29.0,1.6,42.0
1827,90.0,74.0,23.0,1.2,70.0
1828,90.0,56.0,21.0,0.9,37.0
1829,95.0,62.0,22.0,0.8,40.0
1830,64.0,39.0,20.0,0.7,27.0
1831,87.0,62.0,23.0,1.0,42.0
1832,400.0,900.0,36.0,4.7,750.0
1833,500.0,1100.0,37.0,5.2,840.0
1834,2000.0,8200.0,65.0,10.0,540.0
1835,2000.0,8100.0,65.0,12.0,560.0
1836,2000.0,9400.0,70.0,5.9,200.0
1837,26.0,77.0,40.0,2.3,56.0
1838,28.0,73.0,38.0,2.2,56.0
1839,28.0,81.0,39.0,1.5,62.0
1840,29.0,87.0,40.0,2.5,64.0
1841,48.0,190.0,57.0,0.9,47.0
1842,70.0,210.0,49.0,1.2,73.0
1843,76.0,150.0,39.0,2.0,77.0
1844,84.0,160.0,38.0,2.6,90.0
1845,57.0,120.0,44.0,3.2,40.0
1846,75.0,140.0,40.0,4.5,54.0
1847,230.0,500.0,39.0,2.8,310.0
1848,240.0,470.0,36.0,2.7,320.0
1849,240.0,520.0,39.0,2.2,320.0
1850,52.0,310.0,58.0,3.6,110.0
1851,56.0,300.0,56.0,3.5,110.0
1852,53.0,310.0,58.0,3.0,110.0
1853,56.0,320.0,58.0,3.7,110.0
1854,68.0,85.0,32.0,2.1,45.0
1855,70.0,88.0,32.0,2.6,48.0
1856,76.0,85.0,30.0,2.5,49.0
1857,33.0,110.0,40.0,1.8,88.0
1858,35.0,110.0,39.0,1.9,90.0
1859,30.0,100.0,40.0,1.5,80.0
1860,30.0,100.0,40.0,2.0,81.0
1861,57.0,140.0,43.0,1.8,68.0
1862,50.0,100.0,37.0,1.9,65.0
1863,97.0,260.0,45.0,1.7,120.0
1864,57.0,220.0,53.0,2.3,78.0
1865,21.0,140.0,61.0,1.6,43.0
1866,21.0,130.0,58.0,1.8,48.0
1867,29.0,150.0,63.0,1.2,30.0
1868,31.0,160.0,62.0,1.8,35.0
1869,39.0,210.0,61.0,2.2,50.0
1870,38.0,220.0,62.0,2.7,54.0
1871,37.0,200.0,61.0,1.1,48.0
1872,41.0,220.0,61.0,1.7,56.0
1873,47.0,270.0,57.0,1.9,100.0
1874,44.0,280.0,58.0,2.2,100.0
1875,12.0,250.0,85.0,3.4,16.0
1876,58.0,28.0,14.0,1.6,51.0
1877,51.0,28.0,15.0,1.9,54.0
1878,76.0,240.0,46.0,1.1,120.0
1879,66.0,250.0,50.0,1.3,110.0
1880,67.0,260.0,51.0,1.2,110.0
1881,36.0,200.0,62.0,0.9,48.0
1882,38.0,210.0,63.0,0.6,45.0
1883,40.0,62.0,26.0,0.3,87.0
1884,30.0,82.0,45.0,1.6,38.0
1885,40.0,120.0,47.0,2.3,53.0
1886,42.0,110.0,43.0,2.1,56.0
1887,40.0,360.0,75.0,2.5,36.0
1888,31.0,330.0,77.0,2.1,32.0
1889,37.0,290.0,62.0,1.5,93.0
1890,38.0,210.0,60.0,1.6,57.0
1891,34.0,240.0,63.0,1.8,68.0
1892,37.0,240.0,63.0,1.8,60.0
1893,330.0,860.0,42.0,4.2,490.0
1894,260.0,760.0,45.0,3.3,390.0
1895,250.0,790.0,47.0,3.0,370.0
1896,59.0,230.0,48.0,1.4,120.0
1897,64.0,220.0,46.0,1.1,120.0
1898,63.0,220.0,46.0,1.1,120.0
1899,39.0,530.0,77.0,2.1,74.0
1900,28.0,530.0,85.0,1.3,37.0
1901,33.0,590.0,84.0,1.0,40.0
1902,18.0,270.0,79.0,1.5,34.0
1903,18.0,290.0,79.0,1.4,35.0
1904,20.0,270.0,78.0,1.3,34.0
1905,46.0,300.0,61.0,1.9,91.0
1906,60.0,360.0,60.0,0.5,110.0
1907,56.0,360.0,61.0,1.9,110.0
1908,18.0,130.0,63.0,0.7,36.0
1909,19.0,140.0,65.0,0.9,33.0
1910,27.0,100.0,50.0,0.8,43.0
1911,26.0,110.0,53.0,1.1,41.0
1912,27.0,100.0,49.0,1.0,44.0
1913,39.0,66.0,20.0,0.6,170.0
1914,36.0,72.0,23.0,0.6,150.0
1915,36.0,69.0,22.0,0.5,160.0
1916,11.0,96.0,64.0,1.1,29.0
1917,12.0,93.0,62.0,0.7,30.0
1918,11.0,88.0,62.0,0.5,29.0
1919,11.0,89.0,61.0,0.9,30.0
1920,150.0,880.0,65.0,2.4,160.0
1921,170.0,930.0,64.0,2.4,180.0
1922,110.0,700.0,67.0,1.4,120.0
1923,40.0,150.0,54.0,1.4,45.0
1924,38.0,160.0,55.0,1.7,49.0
1925,39.0,160.0,55.0,1.7,49.0
1926,27.0,300.0,80.0,0.8,22.0
1927,19.0,270.0,83.0,1.0,18.0
1928,19.0,260.0,82.0,0.8,17.0
1929,85.0,550.0,67.0,1.6,96.0
1930,91.0,590.0,66.0,1.8,110.0
1931,21.0,53.0,26.0,0.9,94.0
1932,20.0,47.0,24.0,1.0,95.0
1933,20.0,49.0,25.0,1.3,95.0
1934,32.0,200.0,67.0,0.4,33.0
1935,35.0,200.0,66.0,0.6,32.0
1936,34.0,170.0,61.0,1.2,37.0
1937,37.0,190.0,62.0,0.8,42.0
1938,1400.0,9300.0,71.0,11.0,980.0
1939,1400.0,9400.0,71.0,9.0,960.0
1940,1500.0,8800.0,69.0,6.2,990.0
1941,1400.0,8800.0,69.0,2.7,1100.0
1942,34.0,110.0,49.0,1.1,43.0
1943,36.0,110.0,47.0,1.5,46.0
1944,35.0,580.0,81.0,1.6,60.0
1945,31.0,590.0,82.0,2.1,62.0
1946,26.0,150.0,59.0,2.0,46.0
1947,29.0,150.0,58.0,2.2,46.0
1948,27.0,150.0,59.0,1.5,45.0
1949,28.0,140.0,56.0,1.9,49.0
1950,32.0,260.0,74.0,1.1,27.0
1951,30.0,270.0,76.0,1.4,24.0
1952,38.0,87.0,32.0,0.9,100.0
1953,36.0,87.0,32.0,1.0,100.0
1954,36.0,90.0,32.0,1.0,110.0
1955,29.0,65.0,26.0,1.0,110.0
1969,24.0,85.0,49.0,5.8,34.0
1970,24.0,87.0,69.0,5.1,32.0
1971,37.0,150.0,72.0,9.0,47.0
1980,29.0,140.0,55.0,11.0,48.0
1992,13.0,27.0,31.0,3.7,29.0
1993,18.0,79.0,48.0,4.4,44.0
1994,14.0,28.0,29.0,3.5,34.0
1995,9.2,20.0,30.0,3.2,24.0
1996,8.3,13.0,23.0,2.6,24.0
1997,13.0,23.0,27.0,3.1,31.0
1998,25.0,43.0,26.0,2.4,66.0
1999,16.0,28.0,26.0,2.7,40.0
2000,25.0,41.0,26.0,2.2,58.0
2001,52.0,89.0,29.0,3.4,100.0
2002,4.5,10.0,30.0,1.3,12.0
2003,5.0,10.0,28.0,1.1,14.0
2004,6.9,16.0,32.0,1.2,18.0
2005,5.7,12.0,29.0,1.6,15.0
2006,7.1,16.0,30.0,2.2,20.0
2007,3.9,6.4,22.0,1.5,13.0
2008,4.1,8.3,27.0,1.5,12.0
2009,12.0,16.0,25.0,1.5,21.0
2010,7.0,14.0,29.0,1.8,18.0
2011,6.4,14.0,28.0,2.6,19.0
2012,76.0,160.0,39.0,3.5,95.0
2015,25.0,73.0,36.0,1.1,72.0
2018,25.0,92.0,45.0,2.6,56.0
2021,74.0,230.0,48.0,6.0,96.0
2023,16.0,33.0,32.0,2.0,35.0
2025,39.0,250.0,70.0,2.3,30.0
2027,63.0,280.0,56.0,4.5,83.0
2030,79.0,81.0,25.0,2.8,86.0
2033,41.0,62.0,29.0,4.8,63.0
2036,95.0,61.0,20.0,2.7,55.0
2039,48.0,47.0,18.0,0.7,110.0
2041,29.0,46.0,27.0,2.8,59.0
2043,18.0,42.0,35.0,1.9,36.0
2045,32.0,35.0,20.0,1.4,66.0
2048,51.0,120.0,37.0,3.9,91.0
2051,61.0,51.0,17.0,2.9,110.0
2054,65.0,170.0,39.0,1.5,120.0
2057,20.0,32.0,30.0,1.4,32.0
2059,65.0,140.0,39.0,1.0,86.0
2062,71.0,110.0,28.0,3.9,130.0
2068,27.0,30.0,21.0,1.6,54.0
2070,28.0,96.0,53.0,1.7,27.0
2072,28.0,88.0,50.0,3.0,28.0
2074,60.0,120.0,36.0,1.9,87.0
2077,17.0,21.0,24.0,1.3,30.0
2079,43.0,36.0,17.0,2.0,82.0
2080,49.0,140.0,43.0,2.1,82.0
2082,53.0,46.0,29.0,2.3,95.0
2083,190.0,140.0,16.0,2.4,310.0
2085,33.0,55.0,30.0,1.7,59.0
2087,12.0,32.0,41.0,1.3,20.0
2089,55.0,130.0,43.0,1.4,57.0
2091,100.0,46.0,15.0,1.5,56.0
2093,17.0,39.0,37.0,2.3,29.0
2095,24.0,74.0,43.0,1.8,46.0
2097,22.0,33.0,26.0,1.7,46.0
2099,140.0,210.0,34.0,1.1,120.0
2101,28.0,30.0,19.0,0.5,65.0
2103,70.0,84.0,29.0,1.2,66.0
2105,54.0,29.0,16.0,2.2,38.0
2107,26.0,33.0,22.0,1.6,58.0
2108,49.0,49.0,18.0,2.4,110.0
2110,25.0,49.0,32.0,2.1,48.0
2112,15.0,51.0,45.0,1.4,30.0
2114,46.0,46.0,20.0,2.8,87.0
2115,44.0,37.0,24.0,2.0,30.0
2117,37.0,21.0,16.0,1.5,38.0
2119,160.0,310.0,32.0,1.0,300.0
2121,57.0,29.0,15.0,1.9,48.0
2122,30.0,72.0,35.0,2.6,67.0
2124,40.0,24.0,16.0,2.5,40.0
2126,50.0,36.0,15.0,2.0,100.0
2128,43.0,37.0,19.0,1.8,65.0
2130,71.0,29.0,14.0,1.2,37.0
2132,45.0,71.0,27.0,3.2,91.0
2134,120.0,83.0,20.0,1.2,83.0
2136,55.0,64.0,23.0,2.7,100.0
2138,80.0,38.0,15.0,1.4,50.0
2140,26.0,35.0,23.0,1.8,56.0
2142,98.0,110.0,24.0,2.8,140.0
2144,60.0,42.0,14.0,2.7,120.0
2146,74.0,39.0,16.0,2.2,60.0
2148,76.0,34.0,14.0,2.1,52.0
2150,55.0,200.0,42.0,1.6,150.0
2153,76.0,44.0,14.0,2.4,100.0
2155,48.0,150.0,51.0,2.2,45.0
2157,63.0,40.0,19.0,2.0,48.0
2159,90.0,84.0,25.0,2.2,68.0
2161,69.0,150.0,41.0,2.6,76.0
2163,38.0,58.0,33.0,1.7,38.0
2164,80.0,89.0,28.0,2.5,69.0
2166,560.0,1600.0,54.0,1.9,280.0
2169,90.0,150.0,23.0,2.6,290.0
2170,59.0,32.0,16.0,1.8,48.0
2171,82.0,71.0,23.0,1.0,68.0
2173,81.0,57.0,23.0,1.2,36.0
2175,370.0,740.0,31.0,5.0,840.0
2177,2000.0,8200.0,68.0,5.9,130.0
2179,34.0,81.0,35.0,2.7,73.0
2180,60.0,220.0,54.0,0.9,65.0
2182,75.0,210.0,48.0,2.3,72.0
2183,90.0,170.0,38.0,2.1,89.0
2185,60.0,130.0,43.0,3.3,48.0
2187,230.0,510.0,39.0,2.1,310.0
2189,45.0,310.0,58.0,3.3,120.0
2191,76.0,84.0,30.0,3.2,48.0
2193,31.0,110.0,41.0,2.1,85.0
2195,56.0,90.0,34.0,1.7,60.0
2197,52.0,230.0,55.0,1.3,76.0
2199,20.0,130.0,59.0,1.6,45.0
2201,35.0,160.0,58.0,1.4,41.0
2203,38.0,220.0,62.0,2.0,55.0
2205,42.0,220.0,59.0,1.4,61.0
2207,46.0,280.0,58.0,2.1,100.0
2209,12.0,260.0,85.0,3.5,17.0
2211,58.0,28.0,14.0,1.8,52.0
2213,59.0,240.0,46.0,1.4,150.0
2215,40.0,220.0,61.0,0.6,57.0
2217,39.0,70.0,29.0,0.4,84.0
2219,31.0,79.0,42.0,1.8,42.0
2221,32.0,320.0,77.0,1.8,31.0
2223,30.0,260.0,61.0,1.4,97.0
2225,35.0,230.0,63.0,1.6,59.0
2227,240.0,750.0,45.0,3.1,410.0
2229,56.0,210.0,46.0,1.0,120.0
2231,30.0,150.0,62.0,2.3,79.0
2232,30.0,560.0,84.0,1.0,45.0
2234,18.0,280.0,79.0,1.4,34.0
2236,52.0,370.0,62.0,2.2,110.0
2238,18.0,140.0,64.0,0.9,39.0
2240,24.0,100.0,51.0,1.4,42.0
2242,31.0,69.0,23.0,0.6,150.0
2244,11.0,85.0,61.0,0.9,29.0
2246,140.0,840.0,65.0,1.5,170.0
2248,26.0,130.0,52.0,1.7,61.0
2249,23.0,130.0,67.0,1.4,54.0
2251,19.0,250.0,82.0,0.8,16.0
2253,98.0,580.0,65.0,2.5,110.0
2255,36.0,68.0,28.0,1.0,92.0
2256,20.0,51.0,25.0,1.5,99.0
2258,32.0,180.0,64.0,1.0,34.0
2261,32.0,100.0,48.0,1.9,42.0
2263,41.0,450.0,76.0,2.4,57.0
2265,25.0,140.0,59.0,2.2,44.0
2267,28.0,250.0,76.0,1.2,23.0
2269,34.0,87.0,33.0,1.0,100.0
2271,27.0,72.0,30.0,1.0,100.0
2273,8.4,23.0,47.0,2.3,21.0
2274,7.3,30.0,47.0,2.7,16.0
2275,13.0,37.0,38.0,2.3,29.0
2276,27.0,68.0,34.0,2.4,68.0
2277,37.0,100.0,36.0,2.6,93.0
2278,39.0,120.0,40.0,2.2,94.0
2279,39.0,120.0,39.0,2.5,95.0
2280,44.0,130.0,38.0,2.4,110.0
2281,46.0,140.0,41.0,1.6,100.0
2283,27.0,15.0,41.0,2.2,18.0
2284,19.0,13.0,19.0,2.1,17.0
2285,41.0,21.0,16.0,2.5,28.0
2286,49.0,24.0,16.0,2.6,31.0
2287,65.0,32.0,16.0,2.9,37.0
2288,67.0,35.0,17.0,3.2,37.0
2289,79.0,37.0,15.0,3.2,46.0
2290,46.0,360.0,85.0,4.0,55.0
2291,13.0,140.0,84.0,4.8,20.0
2292,28.0,360.0,76.0,7.9,49.0
2293,34.0,390.0,76.0,7.8,46.0
2294,59.0,770.0,77.0,12.0,93.0
2295,29.0,170.0,78.0,12.0,36.0
2296,5.8,49.0,63.0,3.5,14.0
2297,11.0,98.0,69.0,3.6,19.0
2298,57.0,390.0,65.0,6.0,85.0
2299,8.0,51.0,58.0,6.6,16.0
2300,12.0,41.0,42.0,3.4,27.0
2301,27.0,72.0,37.0,3.2,62.0
2302,32.0,87.0,38.0,2.9,71.0
2303,34.0,100.0,43.0,3.0,57.0
2304,35.0,110.0,44.0,4.2,62.0
2305,38.0,120.0,43.0,3.9,74.0
2306,10.0,23.0,33.0,2.8,22.0
2307,11.0,23.0,33.0,2.5,21.0
2308,17.0,24.0,26.0,2.2,31.0
2309,18.0,29.0,28.0,2.4,35.0
2310,16.0,24.0,27.0,2.0,30.0
2311,37.0,120.0,69.0,8.5,43.0
2312,42.0,100.0,42.0,7.0,47.0
2313,26.0,80.0,63.0,6.1,37.0
2314,9.4,33.0,58.0,3.6,19.0
2315,13.0,38.0,41.0,2.7,24.0
2316,28.0,79.0,41.0,3.2,53.0
2317,43.0,100.0,38.0,2.8,73.0
2318,42.0,84.0,36.0,2.7,62.0
2319,43.0,88.0,36.0,2.8,67.0
2320,20.0,35.0,30.0,2.2,36.0
2321,63.0,120.0,31.0,1.1,130.0
2322,85.0,160.0,32.0,1.5,160.0
2323,13.0,24.0,29.0,3.2,28.0
2324,33.0,57.0,28.0,2.8,74.0
2325,13.0,21.0,26.0,2.6,29.0
2326,21.0,34.0,26.0,2.6,49.0
2327,20.0,30.0,26.0,1.9,42.0
2328,32.0,52.0,26.0,1.1,74.0
2329,70.0,150.0,36.0,4.5,110.0
2330,7.3,14.0,25.0,4.0,23.0
2331,3.2,7.7,29.0,1.6,10.0
2332,2.7,6.6,29.0,1.8,8.8
2333,6.0,15.0,33.0,2.5,15.0
2334,74.0,170.0,38.0,4.5,120.0
2335,1.3,9.6,33.0,1.8,14.0
2336,6.1,14.0,33.0,1.5,14.0
2337,7.9,16.0,30.0,2.4,18.0
2338,52.0,100.0,33.0,2.3,94.0
2339,8.5,17.0,29.0,1.7,21.0
2340,6.6,11.0,27.0,1.7,14.0
2341,13.0,24.0,30.0,1.5,26.0
2342,44.0,92.0,35.0,2.0,74.0
2343,43.0,97.0,37.0,1.7,71.0
2344,34.0,400.0,79.0,4.4,36.0
2345,32.0,55.0,28.0,2.8,70.0
2346,28.0,96.0,52.0,3.4,28.0
2347,110.0,370.0,58.0,2.8,53.0
2348,110.0,280.0,51.0,0.9,55.0
2349,87.0,73.0,21.0,1.9,100.0
2350,48.0,84.0,31.0,3.9,80.0
2351,80.0,54.0,20.0,2.8,50.0
2352,51.0,100.0,31.0,2.1,110.0
2353,54.0,51.0,27.0,0.6,120.0
2354,6.1,6.9,17.0,1.6,18.0
2355,20.0,42.0,33.0,1.8,41.0
2356,33.0,35.0,20.0,1.1,71.0
2357,50.0,100.0,33.0,2.9,92.0
2358,65.0,55.0,17.0,2.4,120.0
2359,67.0,170.0,43.0,1.6,84.0
2360,22.0,35.0,29.0,1.4,36.0
2361,64.0,140.0,40.0,1.1,79.0
2362,71.0,110.0,28.0,3.0,130.0
2363,54.0,120.0,36.0,2.0,93.0
2364,30.0,33.0,33.0,1.6,58.0
2365,28.0,100.0,53.0,1.7,29.0
2366,32.0,75.0,44.0,4.5,29.0
2367,36.0,82.0,43.0,2.9,34.0
2368,59.0,120.0,36.0,1.5,88.0
2369,46.0,38.0,14.0,1.5,120.0
2370,17.0,22.0,24.0,1.2,31.0
2371,46.0,140.0,44.0,2.3,81.0
2372,52.0,45.0,18.0,2.2,91.0
2373,37.0,58.0,28.0,1.9,70.0
2374,14.0,23.0,31.0,1.2,21.0
2375,51.0,120.0,43.0,1.1,55.0
2376,110.0,43.0,14.0,1.5,58.0
2377,20.0,36.0,32.0,1.8,32.0
2378,28.0,57.0,35.0,1.9,46.0
2379,20.0,36.0,30.0,1.8,39.0
2380,130.0,200.0,35.0,1.2,110.0
2381,31.0,37.0,21.0,0.6,67.0
2382,63.0,87.0,32.0,1.5,55.0
2383,42.0,31.0,21.0,2.1,30.0
2384,51.0,52.0,17.0,2.6,130.0
2385,30.0,51.0,30.0,2.2,54.0
2386,14.0,53.0,47.0,1.3,29.0
2387,32.0,44.0,25.0,2.2,61.0
2388,40.0,37.0,25.0,2.0,28.0
2389,30.0,23.0,20.0,1.3,32.0
2390,34.0,73.0,33.0,2.7,74.0
2391,43.0,23.0,15.0,2.4,45.0
2392,59.0,42.0,15.0,2.2,110.0
2393,18.0,70.0,44.0,0.8,49.0
2394,72.0,28.0,13.0,1.5,39.0
2395,44.0,72.0,28.0,3.4,85.0
2396,120.0,96.0,23.0,1.6,87.0
2397,57.0,66.0,21.0,2.8,120.0
2398,83.0,41.0,16.0,1.8,49.0
2399,30.0,37.0,22.0,2.1,61.0
2400,100.0,110.0,24.0,2.8,130.0
2401,40.0,21.0,16.0,1.5,31.0
2402,41.0,20.0,15.0,1.5,32.0
2403,64.0,59.0,18.0,2.6,120.0
2404,58.0,33.0,17.0,1.6,47.0
2405,21.0,59.0,36.0,2.5,56.0
2406,22.0,59.0,35.0,2.3,58.0
2407,71.0,33.0,15.0,2.3,51.0
2408,53.0,190.0,41.0,1.2,150.0
2409,79.0,49.0,15.0,3.2,110.0
2410,48.0,150.0,51.0,2.1,45.0
2411,68.0,43.0,18.0,2.7,54.0
2412,99.0,85.0,24.0,2.3,76.0
2413,70.0,130.0,36.0,2.9,81.0
2414,72.0,85.0,29.0,2.4,62.0
2415,89.0,120.0,28.0,1.9,270.0
2416,83.0,73.0,24.0,1.2,67.0
2417,88.0,46.0,18.0,1.0,39.0
2418,410.0,880.0,34.0,4.7,780.0
2419,42.0,99.0,34.0,3.3,98.0
2420,59.0,230.0,55.0,1.0,68.0
2421,68.0,200.0,49.0,3.4,65.0
2422,80.0,150.0,37.0,2.3,85.0
2423,53.0,110.0,42.0,3.3,42.0
2424,220.0,480.0,59.0,2.2,290.0
2425,59.0,330.0,58.0,2.8,110.0
2426,80.0,84.0,28.0,2.9,54.0
2427,25.0,98.0,44.0,1.7,68.0
2428,52.0,85.0,33.0,3.6,63.0
2429,50.0,220.0,57.0,1.3,63.0
2430,19.0,120.0,60.0,1.7,39.0
2431,37.0,170.0,59.0,1.5,42.0
2432,44.0,240.0,60.0,2.1,64.0
2433,46.0,220.0,58.0,1.3,63.0
2434,45.0,270.0,58.0,1.9,98.0
2435,9.3,230.0,87.0,3.0,14.0
2436,56.0,28.0,14.0,1.8,52.0
2437,77.0,250.0,46.0,1.3,130.0
2438,38.0,210.0,62.0,0.7,49.0
2439,41.0,62.0,26.0,0.5,87.0
2440,33.0,93.0,44.0,2.0,47.0
2441,21.0,270.0,81.0,1.6,20.0
2442,36.0,270.0,61.0,1.5,88.0
2443,34.0,230.0,64.0,2.0,57.0
2444,29.0,150.0,51.0,2.1,79.0
2445,16.0,440.0,89.0,0.7,20.0
2446,22.0,290.0,76.0,1.6,43.0
2447,53.0,370.0,62.0,2.1,110.0
2448,12.0,120.0,66.0,1.6,33.0
2449,23.0,97.0,51.0,1.1,42.0
2450,31.0,70.0,24.0,0.6,140.0
2451,10.0,80.0,61.0,0.7,27.0
2452,31.0,150.0,51.0,1.8,73.0
2453,36.0,140.0,54.0,2.1,43.0
2454,11.0,99.0,70.0,2.0,17.0
2455,130.0,600.0,60.0,1.6,140.0
2456,20.0,55.0,27.0,0.7,94.0
2457,7.9,82.0,76.0,0.7,9.6
2458,52.0,850.0,81.0,2.6,84.0
2459,45.0,920.0,84.0,2.4,79.0
2460,52.0,480.0,74.0,3.9,60.0
2461,25.0,140.0,59.0,2.0,43.0
2462,20.0,240.0,81.0,1.3,17.0
2463,32.0,89.0,35.0,1.0,92.0
2464,30.0,70.0,28.0,1.1,110.0
2465,43.0,130.0,40.0,3.6,99.0
2466,8.4,31.0,42.0,3.9,21.0
2467,46.0,130.0,38.0,1.9,110.0
2468,31.0,93.0,40.0,1.4,71.0
2469,18.0,28.0,28.0,2.2,32.0
2470,35.0,120.0,42.0,2.4,88.0
2471,44.0,130.0,38.0,1.8,110.0
2472,39.0,100.0,35.0,1.7,95.0
2473,46.0,140.0,41.0,1.7,100.0
2474,42.0,130.0,42.0,1.9,86.0
2475,41.0,130.0,43.0,2.1,84.0
2476,74.0,32.0,15.0,2.3,35.0
2477,54.0,28.0,17.0,2.3,29.0
2478,65.0,34.0,18.0,2.3,31.0
2479,95.0,55.0,19.0,2.9,49.0
2480,110.0,60.0,18.0,3.6,58.0
2481,30.0,230.0,69.0,2.4,39.0
2482,56.0,390.0,67.0,4.2,75.0
2483,78.0,480.0,65.0,3.3,100.0
2484,49.0,190.0,53.0,2.0,63.0
2485,32.0,150.0,57.0,2.9,45.0
2486,28.0,140.0,59.0,2.4,37.0
2487,16.0,110.0,63.0,3.1,28.0
2488,38.0,310.0,69.0,4.6,57.0
2489,61.0,380.0,64.0,3.9,83.0
2490,37.0,180.0,59.0,2.3,47.0
2491,34.0,170.0,60.0,4.0,41.0
2492,47.0,95.0,41.0,2.5,39.0
2493,24.0,61.0,40.0,2.5,38.0
2494,42.0,74.0,32.0,2.3,68.0
2495,48.0,60.0,26.0,2.0,67.0
2496,43.0,47.0,22.0,1.9,73.0
2497,54.0,64.0,30.0,1.9,43.0
2498,45.0,64.0,27.0,2.2,72.0
2499,44.0,53.0,24.0,1.9,74.0
2500,54.0,63.0,30.0,1.8,37.0
2501,54.0,66.0,31.0,2.1,41.0
2502,51.0,64.0,29.0,2.3,51.0
2503,49.0,72.0,31.0,3.9,60.0
2504,35.0,190.0,63.0,3.7,39.0
2505,30.0,110.0,46.0,6.5,58.0
2506,36.0,160.0,53.0,4.0,62.0
2507,33.0,67.0,34.0,2.8,59.0
2508,37.0,78.0,34.0,2.8,68.0
2509,38.0,83.0,35.0,2.9,70.0
2510,17.0,32.0,32.0,2.4,30.0
2511,15.0,29.0,33.0,2.3,26.0
2512,10.0,26.0,38.0,4.2,19.0
2513,12.0,27.0,34.0,1.8,25.0
2514,13.0,28.0,33.0,3.3,26.0
2515,15.0,41.0,36.0,2.2,38.0
2516,17.0,33.0,31.0,2.2,35.0
2517,15.0,31.0,32.0,1.9,31.0
2518,18.0,36.0,33.0,2.0,34.0
2519,17.0,36.0,35.0,2.1,28.0
2520,18.0,36.0,34.0,2.0,29.0
2521,18.0,34.0,32.0,2.3,32.0
2522,32.0,69.0,36.0,3.6,53.0
2523,23.0,46.0,36.0,3.5,33.0
2524,34.0,51.0,29.0,2.2,53.0
2525,35.0,76.0,37.0,2.3,54.0
2526,15.0,47.0,45.0,2.0,25.0
2527,45.0,77.0,31.0,2.6,71.0
2528,42.0,75.0,32.0,2.3,69.0
2529,42.0,79.0,33.0,2.8,72.0
2530,46.0,68.0,29.0,2.5,69.0
2531,24.0,49.0,36.0,2.2,35.0
2532,27.0,49.0,33.0,2.4,41.0
2533,34.0,390.0,79.0,3.2,35.0
2534,32.0,140.0,56.0,2.2,43.0
2535,23.0,41.0,28.0,2.0,52.0
2536,110.0,290.0,53.0,1.7,45.0
2537,32.0,110.0,54.0,2.6,29.0
2538,70.0,260.0,54.0,3.5,77.0
2539,64.0,71.0,26.0,1.5,71.0
2540,52.0,80.0,28.0,4.3,91.0
2541,93.0,62.0,20.0,2.8,56.0
2542,37.0,91.0,36.0,1.9,80.0
2543,55.0,50.0,17.0,0.5,120.0
2544,5.8,8.8,23.0,1.6,15.0
2545,33.0,39.0,21.0,1.1,72.0
2546,49.0,130.0,40.0,3.0,87.0
2547,73.0,64.0,18.0,2.3,130.0
2548,60.0,160.0,43.0,1.2,83.0
2549,22.0,38.0,30.0,1.4,39.0
2550,63.0,150.0,41.0,1.0,84.0
2551,67.0,97.0,27.0,2.4,120.0
2552,53.0,130.0,38.0,1.3,96.0
2553,27.0,31.0,21.0,1.5,56.0
2554,31.0,110.0,53.0,1.4,32.0
2555,35.0,82.0,44.0,2.9,31.0
2556,54.0,130.0,40.0,1.2,81.0
2557,15.0,20.0,24.0,1.1,30.0
2558,55.0,150.0,41.0,1.7,99.0
2559,52.0,42.0,17.0,1.8,94.0
2560,13.0,22.0,31.0,1.2,21.0
2561,53.0,120.0,41.0,0.9,60.0
2562,90.0,40.0,15.0,1.4,50.0
2563,15.0,29.0,33.0,1.5,26.0
2564,26.0,56.0,36.0,1.6,45.0
2565,19.0,36.0,31.0,1.7,37.0
2566,170.0,270.0,37.0,0.7,120.0
2567,27.0,29.0,19.0,0.7,61.0
2568,65.0,84.0,30.0,1.3,60.0
2569,41.0,31.0,22.0,1.8,29.0
2570,45.0,48.0,20.0,2.2,90.0
2571,34.0,52.0,27.0,2.0,63.0
2572,14.0,49.0,45.0,1.3,29.0
2573,30.0,32.0,20.0,1.9,58.0
2574,31.0,32.0,27.0,1.6,23.0
2575,26.0,23.0,22.0,1.1,26.0
2576,30.0,66.0,33.0,2.2,67.0
2577,42.0,24.0,16.0,2.1,43.0
2578,53.0,39.0,15.0,1.9,100.0
2579,19.0,69.0,42.0,0.8,50.0
2580,69.0,35.0,17.0,1.3,37.0
2581,51.0,82.0,28.0,2.8,95.0
2582,120.0,93.0,23.0,1.2,80.0
2583,58.0,100.0,30.0,2.9,110.0
2584,78.0,40.0,17.0,1.3,44.0
2585,28.0,37.0,23.0,1.7,62.0
2586,110.0,120.0,25.0,2.5,130.0
2587,41.0,21.0,16.0,1.4,31.0
2588,71.0,48.0,14.0,2.4,130.0
2589,23.0,62.0,35.0,2.1,61.0
2590,73.0,33.0,14.0,1.9,52.0
2591,56.0,210.0,42.0,1.0,160.0
2592,75.0,44.0,15.0,2.2,97.0
2593,49.0,150.0,50.0,1.7,47.0
2594,64.0,43.0,19.0,1.8,52.0
2595,73.0,87.0,30.0,1.9,56.0
2596,53.0,100.0,36.0,2.0,66.0
2597,85.0,77.0,22.0,2.4,92.0
2598,73.0,100.0,32.0,2.3,63.0
2599,70.0,130.0,26.0,1.6,200.0
2600,72.0,69.0,25.0,1.0,57.0
2601,63.0,45.0,23.0,0.8,29.0
2602,330.0,670.0,32.0,3.6,720.0
2603,49.0,110.0,33.0,2.7,110.0
2604,57.0,240.0,57.0,0.8,62.0
2605,68.0,220.0,51.0,2.3,68.0
2606,76.0,150.0,39.0,2.0,82.0
2607,53.0,110.0,43.0,2.7,41.0
2608,210.0,480.0,39.0,4.6,310.0
2609,56.0,340.0,59.0,2.2,110.0
2610,73.0,82.0,30.0,2.4,49.0
2611,22.0,93.0,46.0,1.4,57.0
2612,54.0,86.0,33.0,1.8,65.0
2613,46.0,210.0,57.0,1.2,59.0
2614,19.0,120.0,59.0,1.5,41.0
2615,61.0,54.0,23.0,1.8,52.0
2616,43.0,230.0,60.0,1.8,62.0
2617,45.0,200.0,56.0,1.1,61.0
2618,48.0,270.0,55.0,1.6,110.0
2619,9.6,260.0,87.0,2.5,16.0
2620,59.0,280.0,56.0,1.0,95.0
2621,36.0,230.0,65.0,0.6,48.0
2622,38.0,62.0,28.0,0.5,78.0
2623,30.0,85.0,45.0,1.6,40.0
2624,23.0,270.0,79.0,1.4,24.0
2625,37.0,270.0,61.0,1.0,89.0
2626,31.0,230.0,67.0,1.4,49.0
2627,29.0,140.0,48.0,1.9,81.0
2628,25.0,500.0,85.0,0.7,34.0
2629,15.0,170.0,72.0,2.4,33.0
2630,54.0,370.0,62.0,2.2,110.0
2631,24.0,100.0,51.0,1.0,44.0
2632,31.0,65.0,23.0,0.5,140.0
2633,9.7,83.0,63.0,0.6,27.0
2634,27.0,150.0,54.0,1.6,68.0
2635,33.0,140.0,57.0,1.9,38.0
2636,20.0,230.0,78.0,1.6,24.0
2637,20.0,49.0,26.0,0.6,91.0
2638,28.0,170.0,66.0,0.9,31.0
2639,46.0,820.0,82.0,1.9,83.0
2640,50.0,540.0,76.0,1.8,63.0
2641,26.0,150.0,60.0,1.5,44.0
2642,23.0,240.0,78.0,1.1,20.0
2643,33.0,86.0,34.0,0.9,93.0
2644,27.0,67.0,27.0,1.0,110.0
2645,49.0,140.0,40.0,1.5,99.0
2646,17.0,50.0,39.0,2.9,40.0
2647,28.0,73.0,35.0,2.4,71.0
2648,44.0,110.0,36.0,1.8,100.0
2649,25.0,63.0,34.0,2.7,63.0
2650,42.0,120.0,39.0,1.6,95.0
2651,100.0,63.0,20.0,3.2,48.0
2652,25.0,15.0,17.0,2.7,21.0
2653,55.0,31.0,18.0,2.8,31.0
2654,47.0,24.0,16.0,2.2,29.0
2655,23.0,14.0,17.0,2.5,21.0
2656,20.0,12.0,16.0,2.3,20.0
2657,88.0,47.0,17.0,3.6,48.0
2658,91.0,53.0,19.0,4.3,48.0
2659,28.0,110.0,53.0,2.4,38.0
2660,20.0,150.0,68.0,4.1,27.0
2661,74.0,290.0,54.0,2.3,89.0
2662,25.0,160.0,62.0,4.7,43.0
2663,88.0,520.0,64.0,3.7,110.0
2664,31.0,210.0,65.0,4.9,43.0
2665,32.0,120.0,53.0,3.2,37.0
2666,18.0,78.0,51.0,7.2,31.0
2667,65.0,250.0,56.0,2.9,66.0
2668,31.0,180.0,60.0,4.6,50.0
2669,72.0,420.0,63.0,4.4,96.0
2670,21.0,130.0,61.0,4.4,35.0
2671,29.0,110.0,53.0,3.0,35.0
2672,11.0,58.0,55.0,3.6,22.0
2673,47.0,46.0,22.0,3.0,62.0
2674,26.0,53.0,37.0,3.5,34.0
2675,48.0,110.0,41.0,2.4,60.0
2676,55.0,180.0,51.0,3.2,57.0
2677,23.0,40.0,34.0,2.9,29.0
2678,25.0,45.0,36.0,2.9,28.0
2679,39.0,72.0,36.0,2.3,45.0
2680,46.0,45.0,23.0,2.8,57.0
2681,54.0,47.0,24.0,1.9,43.0
2682,16.0,60.0,46.0,7.6,32.0
2683,21.0,51.0,35.0,2.8,45.0
2684,33.0,100.0,41.0,3.1,68.0
2685,30.0,75.0,39.0,3.0,53.0
2686,14.0,17.0,23.0,2.3,26.0
2687,39.0,71.0,32.0,2.8,66.0
2688,22.0,31.0,26.0,2.2,38.0
2689,17.0,19.0,22.0,2.2,30.0
2690,30.0,54.0,31.0,2.9,52.0
2691,16.0,56.0,48.0,2.2,25.0
2692,19.0,60.0,44.0,3.0,33.0
2693,14.0,19.0,24.0,2.3,27.0
2694,20.0,31.0,27.0,2.2,39.0
2695,21.0,35.0,30.0,2.3,36.0
2696,17.0,34.0,33.0,2.0,32.0
2697,11.0,30.0,39.0,4.0,20.0
2698,31.0,61.0,35.0,2.9,47.0
2699,16.0,23.0,26.0,2.5,29.0
2700,40.0,84.0,34.0,2.5,76.0
2701,18.0,25.0,26.0,2.3,32.0
2702,18.0,24.0,25.0,2.5,33.0
2703,32.0,60.0,34.0,1.9,48.0
2704,30.0,53.0,32.0,2.2,49.0
2705,43.0,93.0,36.0,2.8,73.0
2706,31.0,400.0,80.0,3.3,33.0
2707,31.0,110.0,49.0,2.7,46.0
2708,20.0,49.0,35.0,1.9,44.0
2709,32.0,99.0,51.0,3.0,29.0
2710,100.0,150.0,39.0,0.9,42.0
2711,88.0,270.0,51.0,3.5,80.0
2712,110.0,81.0,19.0,2.1,118.0
2713,53.0,74.0,26.0,4.5,95.0
2714,76.0,52.0,21.0,2.7,45.0
2715,42.0,92.0,35.0,2.0,82.0
2716,52.0,51.0,18.0,0.9,121.0
2717,34.0,36.0,19.0,1.1,74.0
2718,45.0,120.0,41.0,2.9,75.0
2719,69.0,65.0,19.0,2.5,126.0
2720,70.0,170.0,41.0,1.3,95.0
2721,32.0,46.0,26.0,1.7,62.0
2722,61.0,140.0,40.0,1.0,84.0
2723,51.0,86.0,30.0,2.3,93.0
2724,51.0,120.0,37.0,1.4,97.0
2725,27.0,29.0,21.0,1.3,51.0
2726,33.0,100.0,50.0,1.5,33.0
2727,38.0,83.0,43.0,3.1,33.0
2728,51.0,120.0,39.0,1.4,77.0
2729,42.0,34.0,14.0,1.6,110.0
2730,18.0,21.0,23.0,1.2,31.0
2731,50.0,140.0,42.0,1.6,83.0
2732,57.0,43.0,16.0,1.9,96.0
2733,4.9,6.2,20.0,1.4,13.0
2734,48.0,110.0,43.0,0.9,49.0
2735,100.0,42.0,14.0,1.2,56.0
2736,19.0,42.0,36.0,1.8,34.0
2737,25.0,36.0,25.0,2.9,50.0
2738,160.0,200.0,32.0,0.7,110.0
2739,26.0,28.0,19.0,0.5,59.0
2740,70.0,86.0,30.0,1.3,63.0
2741,42.0,29.0,20.0,2.1,29.0
2742,38.0,45.0,21.0,2.8,81.0
2743,34.0,56.0,29.0,2.2,65.0
2744,15.0,48.0,43.0,1.2,30.0
2745,30.0,31.0,20.0,2.2,59.0
2746,33.0,31.0,26.0,1.8,23.0
2747,32.0,27.0,21.0,1.4,33.0
2748,33.0,71.0,33.0,2.4,69.0
2749,42.0,21.0,14.0,1.9,44.0
2750,65.0,41.0,14.0,2.0,113.0
2751,18.0,66.0,42.0,0.7,49.0
2752,78.0,29.0,13.0,1.3,40.0
2753,54.0,80.0,27.0,3.4,95.0
2754,120.0,89.0,22.0,1.2,77.0
2755,62.0,110.0,31.0,2.8,112.0
2756,82.0,40.0,16.0,1.3,46.0
2757,22.0,39.0,31.0,1.9,37.0
2758,93.0,91.0,22.0,2.7,124.0
2759,39.0,20.0,15.0,1.3,32.0
2760,78.0,48.0,13.0,2.7,149.0
2761,22.0,57.0,34.0,2.1,58.0
2762,73.0,32.0,14.0,1.9,52.0
2763,56.0,200.0,41.0,1.3,160.0
2764,80.0,46.0,14.0,2.3,109.0
2765,47.0,120.0,45.0,1.6,50.0
2766,39.0,26.0,19.0,1.2,31.0
2767,78.0,76.0,26.0,2.1,58.0
2768,52.0,86.0,34.0,1.8,60.0
2769,75.0,110.0,34.0,2.3,63.0
2770,58.0,120.0,29.0,1.5,166.0
2771,63.0,60.0,25.0,0.8,49.0
2772,94.0,48.0,18.0,0.8,41.0
2773,390.0,720.0,29.0,4.1,900.0
2774,45.0,97.0,33.0,2.8,98.0
2775,70.0,200.0,49.0,2.2,66.0
2776,71.0,200.0,48.0,2.4,70.0
2777,220.0,440.0,36.0,1.8,310.0
2778,62.0,340.0,57.0,2.4,120.0
2779,78.0,67.0,25.0,2.5,50.0
2780,22.0,91.0,45.0,1.4,59.0
2781,51.0,82.0,33.0,1.7,62.0
2782,47.0,200.0,56.0,1.3,60.0
2783,21.0,130.0,59.0,1.5,42.0
2784,44.0,220.0,58.0,2.0,64.0
2785,49.0,270.0,55.0,1.7,110.0
2786,10.0,240.0,86.0,2.5,17.0
2787,62.0,250.0,52.0,1.1,100.0
2788,40.0,250.0,65.0,0.5,50.0
2789,36.0,60.0,28.0,0.5,74.0
2790,14.0,29.0,34.0,2.3,24.0
2791,15.0,200.0,82.0,1.2,14.0
2792,32.0,220.0,65.0,1.6,52.0
2793,29.0,140.0,49.0,1.9,80.0
2794,53.0,530.0,72.0,1.0,91.0
2795,24.0,280.0,74.0,1.1,45.0
2796,54.0,370.0,62.0,2.0,110.0
2797,23.0,93.0,50.0,1.4,41.0
2798,33.0,67.0,23.0,0.4,144.0
2799,9.1,80.0,63.0,0.9,25.0
2800,27.0,140.0,53.0,1.4,64.0
2801,35.0,130.0,52.0,1.8,44.0
2802,8.4,96.0,71.0,2.1,20.0
2803,19.0,45.0,24.0,2.0,95.0
2804,8.7,81.0,73.0,0.6,11.0
2805,45.0,870.0,83.0,2.0,82.0
2806,47.0,480.0,76.0,1.7,57.0
2807,26.0,140.0,57.0,1.8,47.0
2808,29.0,260.0,76.0,1.1,25.0
2809,35.0,88.0,33.0,0.9,101.0
2810,29.0,67.0,27.0,0.8,106.0
2811,27.0,64.0,33.0,2.1,67.0
2812,40.0,120.0,41.0,1.5,85.0
2813,80.0,30.0,13.0,2.4,35.0
2814,39.0,20.0,15.0,2.5,34.0
2815,87.0,38.0,15.0,3.4,41.0
2816,84.0,45.0,18.0,4.0,41.0
2817,32.0,180.0,60.0,4.1,50.0
2818,69.0,280.0,56.0,2.4,77.0
2819,39.0,170.0,54.0,3.6,62.0
2820,62.0,240.0,57.0,2.7,54.0
2821,38.0,70.0,36.0,2.7,46.0
2822,54.0,86.0,36.0,2.2,46.0
2823,23.0,61.0,37.0,2.7,50.0
2824,39.0,130.0,47.0,2.9,62.0
2825,30.0,40.0,28.0,2.2,37.0
2826,47.0,91.0,36.0,2.4,64.0
2827,49.0,98.0,38.0,2.1,58.0
2828,27.0,350.0,80.0,2.9,29.0
2829,53.0,130.0,41.0,2.6,76.0
2830,18.0,41.0,35.0,2.5,34.0
2831,31.0,110.0,54.0,2.8,29.0
2832,78.0,230.0,55.0,1.6,37.0
2833,110.0,250.0,47.0,0.8,66.0
2834,110.0,83.0,19.0,2.1,120.0
2835,58.0,73.0,24.0,3.6,110.0
2836,83.0,60.0,22.0,2.3,50.0
2837,41.0,110.0,40.0,2.1,74.0
2838,52.0,51.0,18.0,0.9,110.0
2839,8.1,8.5,17.0,1.7,21.0
2840,40.0,47.0,21.0,1.2,86.0
2841,41.0,100.0,39.0,2.3,67.0
2842,72.0,90.0,24.0,2.5,130.0
2843,62.0,160.0,43.0,1.2,84.0
2844,42.0,45.0,21.0,2.0,79.0
2845,54.0,130.0,42.0,1.0,70.0
2846,56.0,87.0,28.0,2.4,100.0
2847,48.0,120.0,38.0,1.2,88.0
2848,27.0,31.0,22.0,1.6,50.0
2849,38.0,110.0,49.0,1.5,38.0
2850,41.0,87.0,42.0,3.9,37.0
2851,52.0,130.0,41.0,1.2,75.0
2852,64.0,53.0,15.0,1.7,150.0
2853,22.0,22.0,22.0,1.3,32.0
2854,46.0,140.0,45.0,1.5,74.0
2855,56.0,43.0,17.0,2.0,94.0
2856,56.0,43.0,17.0,1.9,95.0
2857,18.0,21.0,26.0,1.5,21.0
2858,47.0,110.0,43.0,0.6,50.0
2859,100.0,49.0,16.0,1.5,55.0
2860,17.0,25.0,26.0,1.7,32.0
2861,32.0,46.0,24.0,3.3,70.0
2862,120.0,170.0,34.0,1.3,91.0
2863,26.0,30.0,21.0,0.7,57.0
2864,70.0,100.0,33.0,1.4,62.0
2865,48.0,29.0,18.0,1.9,35.0
2866,35.0,46.0,24.0,2.1,70.0
2867,29.0,61.0,34.0,2.2,55.0
2868,15.0,50.0,44.0,1.2,30.0
2869,32.0,33.0,20.0,2.1,61.0
2870,44.0,37.0,24.0,1.9,31.0
2871,34.0,30.0,22.0,1.4,37.0
2872,31.0,71.0,34.0,2.1,67.0
2873,44.0,22.0,14.0,2.1,46.0
2874,69.0,48.0,15.0,2.2,120.0
2875,17.0,69.0,43.0,0.6,50.0
2876,76.0,29.0,13.0,1.1,39.0
2877,51.0,83.0,29.0,2.5,94.0
2878,130.0,95.0,22.0,1.1,83.0
2879,62.0,95.0,28.0,2.8,110.0
2880,84.0,44.0,17.0,1.3,46.0
2881,110.0,98.0,21.0,2.3,140.0
2882,40.0,22.0,16.0,1.3,31.0
2883,45.0,23.0,15.0,1.5,36.0
2884,67.0,43.0,13.0,2.7,130.0
2885,22.0,59.0,36.0,2.1,55.0
2886,72.0,32.0,14.0,2.1,50.0
2887,59.0,190.0,38.0,1.1,170.0
2888,82.0,45.0,14.0,2.9,100.0
2889,57.0,140.0,45.0,1.6,55.0
2890,70.0,41.0,17.0,1.7,55.0
2891,65.0,91.0,33.0,2.0,50.0
2892,58.0,90.0,33.0,1.8,61.0
2893,46.0,110.0,34.0,1.6,110.0
2894,120.0,88.0,21.0,1.1,94.0
2895,93.0,50.0,18.0,0.8,40.0
2896,390.0,840.0,33.0,3.9,850.0
2897,45.0,100.0,33.0,2.7,98.0
2898,47.0,180.0,55.0,0.7,50.0
2899,72.0,210.0,49.0,3.1,69.0
2900,91.0,160.0,37.0,2.2,88.0
2901,64.0,95.0,35.0,2.9,50.0
2902,170.0,410.0,40.0,1.8,250.0
2903,44.0,230.0,55.0,2.4,88.0
2904,110.0,110.0,27.0,3.0,73.0
2905,22.0,92.0,46.0,1.3,58.0
2906,49.0,83.0,34.0,1.7,57.0
2907,46.0,200.0,56.0,1.6,58.0
2908,20.0,130.0,59.0,1.4,44.0
2909,46.0,220.0,58.0,1.9,65.0
2910,46.0,220.0,57.0,2.1,66.0
2911,54.0,210.0,53.0,1.3,73.0
2912,49.0,250.0,55.0,1.4,100.0
2913,13.0,270.0,86.0,2.3,17.0
2914,64.0,280.0,54.0,1.1,98.0
2915,14.0,47.0,45.0,4.3,25.0
2916,38.0,61.0,26.0,0.4,88.0
2917,32.0,87.0,44.0,1.7,42.0
2918,11.0,170.0,83.0,1.0,11.0
2919,39.0,290.0,63.0,1.2,86.0
2920,34.0,230.0,64.0,1.8,55.0
2921,30.0,150.0,51.0,2.0,77.0
2922,73.0,560.0,67.0,1.3,120.0
2923,24.0,240.0,72.0,1.0,41.0
2924,50.0,340.0,62.0,2.4,100.0
2925,25.0,100.0,50.0,1.0,46.0
2926,32.0,68.0,23.0,0.6,140.0
2927,11.0,85.0,60.0,0.6,30.0
2928,25.0,140.0,55.0,1.2,58.0
2929,38.0,140.0,52.0,1.9,48.0
2930,21.0,210.0,72.0,2.4,34.0
2931,19.0,45.0,24.0,2.9,91.0
2932,19.0,130.0,68.0,0.6,22.0
2933,48.0,810.0,81.0,1.8,85.0
2934,27.0,150.0,58.0,1.6,48.0
2935,27.0,250.0,76.0,1.0,23.0
2936,36.0,95.0,33.0,1.2,110.0
2937,29.0,68.0,27.0,0.8,110.0
2938,11.2,239.0,82.0,1.43,25.9
