,ActivityIdentifier,"Acidity, (H+)",Barometric pressure,Calcium,Chloride,Diazinon-D10,"Hardness, Ca, Mg",Inorganic nitrogen (nitrate and nitrite),Magnesium,Nitrate,"Nitrogen, mixed forms (NH3), (NH4), organic, (NO2) and (NO3)",Orthophosphate,Oxygen,Phosphorus,Potassium,Sodium,Sodium adsorption ratio [(Na)/(sq root of 1/2 Ca + Mg)],"Sodium, percent total cations",Specific conductance,Sulfate,Suspended Sediment Concentration (SSC),"Temperature, water",pH
0,NARS_WQX-NCA_CA-10234:20150817:SR:BGO,,,,,,,,,,,,,,,,,,,,,,
1,NARS_WQX-NCA_CA-10235:20150902:SR:BGO,,,,,,,,,,,,,,,,,,,,,,
2,NARS_WQX-NCA_CA-10243:20150901:SR:BGO,,,,,,,,,,,,,,,,,,,,,,
3,NARS_WQX-NCA_CA-10262:20150901:SR:BGO,,,,,,,,,,,,,,,,,,,,,,
4,NARS_WQX-NCA_CA-10263:20150831:SR:BGO,,,,,,,,,,,,,,,,,,,,,,
5,NARS_WQX-NCCA10-BC11:20100826:FM:,,,,,,,,,,,,,,,,,,,,,,7.851764705882353
6,NARS_WQX-NCCA10-BD31:20100824:FM:,,,,,,,,,,,,,,,,,,,,,,7.871176470588235
7,NARS_WQX-NCCA10-CB121S:20100901:FM:,,,,,,,,,,,,,,,,,,,,,,7.777826086956521
8,NARS_WQX-NCCA10-LSB002S:20100830:FM:,,,,,,,,,,,,,,,,,,,,,,7.896521739130435
9,NARS_WQX-NCCA10-LSB082S:20100830:FM:,,,,,,,,,,,,,,,,,,,,,,7.890952380952381
10,nwisca.01.01003947,4e-05,731.0,,,,,,,,,,5.9,,,,,,912.0,,,11.6,7.4
11,nwisca.01.01102676,6e-05,756.0,61.8,38.4,754000.0,255.0,3.7797000000000005,24.3,14.822035500000002,2.79,0.025051,5.2,,1.18,18.9,0.52,140000.0,500.0,48.6,,18.0,7.35
12,nwisca.01.01102677,3e-05,767.0,82.4,42.7,692000.0,299.0,5.933999999999999,22.4,23.29381,4.42,0.050928,1.9,,1.29,32.5,0.82,190000.0,664.5,34.7,,20.5,7.65
13,nwisca.01.01102678,2e-05,766.0,65.4,29.5,794000.0,246.0,5.2374,19.9,20.600841,4.09,0.048787,1.25,,1.17,40.5,1.13,260000.0,586.0,33.1,,19.5,7.75
14,nwisca.01.01102679,3e-05,767.0,107.0,335.0,935000.0,437.0,2.2446,40.7,8.5589215,1.75,0.043842000000000006,0.05,,3.11,125.0,2.6,380000.0,1300.0,38.3,,25.0,7.5
15,nwisca.01.01102680,5e-05,759.0,30.6,71.6,817000.0,172.0,2.0769,23.0,8.155333500000001,1.68,0.0979,4.4,,3.16,42.9,1.43,350000.0,545.5,25.9,,20.0,7.4
16,nwisca.01.01103068,1e-05,755.0,28.7,40.2,775000.0,86.0,0.34830000000000005,3.48,1.3714845,0.29,0.005934,5.4,,0.36,23.9,1.12,380000.0,285.5,10.3,,18.5,8.1
17,nwisca.01.01103069,0.00012,766.0,26.3,33.2,670000.0,112.0,1.2126,11.2,4.6987634499999995,1.13,0.095759,7.35,,1.61,45.5,1.87,470000.0,411.5,58.0,,14.0,7.0
18,nwisca.01.01103070,6e-05,761.0,20.4,76.9,1070000.0,117.0,,15.9,,0.82,0.4567,0.2,,2.56,107.0,4.31,660000.0,699.5,32.0,,15.0,7.2
19,nwisca.01.01103071,0.00014,723.0,146.0,31.7,919000.0,451.0,5.8308,20.3,22.915222,4.58,0.00676,1.3,,2.06,22.9,0.47,100000.0,880.5,203.0,,13.5,7.050000000000001
20,nwisca.01.01103637,0.00033,714.0,60.4,13.6,776000.0,193.0,0.0387,10.1,0.15707785,,0.012031,5.65,,1.36,16.3,0.51,150000.0,411.5,26.2,,14.0,6.7
21,nwisca.01.01103638,8e-05,756.0,86.4,258.0,908000.0,500.0,0.0903,68.8,0.3560145,2.97,0.025214,,,5.15,174.0,3.39,430000.0,1695.0,175.0,,19.5,7.199999999999999
22,nwisca.01.01103639,0.00033,728.0,56.6,13.5,780000.0,184.0,0.34830000000000005,10.4,1.3636271500000001,0.43,0.035930000000000004,0.65,,1.7,18.9,0.61,180000.0,415.5,36.9,,16.0,6.65
23,nwisca.01.01103640,1e-05,744.0,3.01,13.8,852000.0,9.24,0.1161,0.298,0.46151885,0.28,0.006923,,,1.63,240.0,35.3,980000.0,1025.5,13.3,,19.5,8.35
24,nwisca.01.01103642,0.00012,722.0,128.0,34.0,806000.0,385.0,2.8767,15.9,11.301890499999999,2.18,0.008237999999999999,6.2,,0.71,14.3,0.32,80000.0,713.5,13.3,,15.5,7.050000000000001
25,nwisca.01.01103643,7e-05,751.0,87.2,17.6,771000.0,487.0,0.0903,64.8,0.35987185,,0.01302,0.2,,0.9,22.9,0.45,90000.0,870.5,35.4,,17.5,7.300000000000001
26,nwisca.01.01103975,0.00013,738.0,31.4,3.74,877000.0,121.0,0.0645,10.2,0.24851014999999999,,0.013183,8.25,,0.52,10.8,0.43,160000.0,266.5,17.8,,14.5,7.15
27,nwisca.01.01103976,0.0008,717.0,65.6,20.8,832000.0,245.0,0.45149999999999996,19.7,1.7643578,0.37,0.171901,0.30000000000000004,,1.84,21.4,0.6,160000.0,533.5,91.2,,14.5,6.3
28,nwisca.01.01104144,0.00019,771.0,50.6,236.0,774000.0,392.0,0.5289,64.5,2.06294145,0.49,0.047798,5.800000000000001,,1.17,192.0,4.23,520000.0,1505.0,152.0,,16.0,6.85
29,nwisca.01.01104145,7e-05,748.0,45.6,64.0,874000.0,267.0,0.0387,37.2,0.1624352,2.94,0.142894,0.2,,11.6,150.0,3.98,540000.0,1145.0,268.0,,19.0,7.300000000000001
30,nwisca.01.01104147,8e-05,723.0,75.9,19.6,745000.0,309.0,0.0516,28.4,0.1833646,0.91,0.030822000000000002,0.2,,3.81,60.3,1.5,300000.0,791.5,59.8,,18.0,7.25
31,nwisca.01.01106141,3e-05,,,,,,,,,0.5,,9.2,,,,,,184.0,,,14.7,7.6
32,nwisca.01.01106142,2e-05,,,,,,,,,0.4,,9.4,,,,,,197.0,,,15.3,7.7
33,nwisca.01.01106143,2e-05,,,,,,,,,0.5,,9.4,,,,,,165.0,,,16.0,7.7
34,nwisca.01.01106144,2e-05,,,,,,,,,0.4,,9.6,,,,,,156.0,,,15.4,7.7
35,nwisca.01.01106145,2e-05,,,,,,,,,0.5,,9.3,,,,,,145.0,,,16.9,7.8
36,nwisca.01.01106146,2e-05,,,,,,,,,0.3,,9.2,,,,,,140.0,,,16.6,7.7
37,nwisca.01.01106147,2e-05,,,,,,,,,0.3,,9.4,,,,,,145.0,,,16.8,7.7
38,nwisca.01.01106148,2e-05,,,,,,,,,0.4,,9.0,,,,,,149.0,,,16.5,7.7
39,nwisca.01.01106149,2e-05,,,,,,,,,0.4,,8.9,,,,,,161.0,,,16.1,7.7
40,nwisca.01.01106150,2e-05,,,,,,,,,0.4,,8.8,,,,,,147.0,,,18.2,7.7
41,nwisca.01.01206701,8e-05,759.0,94.2,90.9,779000.0,423.0,5.405100000000001,45.1,21.272296500000003,4.16,0.030822000000000002,2.9,,2.25,50.3,1.07,210000.0,969.5,55.9,,18.0,7.25
42,nwisca.01.01206702,5e-05,761.0,55.2,28.2,798000.0,254.0,10.9005,28.0,42.844607499999995,8.55,0.031148000000000002,4.05,,1.48,26.7,0.73,190000.0,584.0,32.3,,19.0,7.5
43,nwisca.01.01505924,,,,,,,,,,,,,,,,,,,,,,
44,nwisca.01.01506415,,,,,,,,,,,,,,,,,,,,9.0,,
45,nwisca.01.01605807,1e-05,748.0,31.4,41.8,678000.0,94.3,0.23865,3.8,0.93760975,0.18,0.004118999999999999,2.0,,0.43,26.3,1.18,380000.0,308.5,10.7,,19.0,8.05
46,nwisca.01.01605810,9e-05,719.0,73.1,18.6,510000.0,292.0,,26.1,,1.02,0.018954,,,3.67,58.3,1.49,300000.0,755.5,68.9,,17.0,7.4
47,nwisca.01.01605811,0.00011,743.0,95.0,16.7,624000.0,518.0,,67.6,,,0.00676,0.35,,0.92,22.6,0.43,90000.0,941.5,34.0,,20.0,7.3
48,nwisca.01.01607222,1e-05,,,,,,,,,,,12.6,,,,,,566.0,,,7.8,8.0
49,nwisca.01.01607223,1e-05,,,,,,,,,,,11.1,,,,,,402.0,,,12.1,7.9
50,nwisca.01.01607224,1e-05,,,,,,,,,,,10.5,,,,,,492.0,,,17.3,8.2
51,nwisca.01.01607392,,,,,,,,,,,,,,,,,,,,9.0,,
52,nwisca.01.01607393,,,,,,,,,,,,,,,,,,,,44.0,,
53,nwisca.01.01607394,,,,,,,,,,,,,,,,,,,,15.0,,
54,nwisca.01.01703641,1e-05,765.0,77.8,44.8,969000.0,319.0,0.83979,30.4,3.2894201499999998,0.93,0.025214,11.850000000000001,4.1e-05,2.26,38.2,0.93,210000.0,734.0,111.0,455011.5,15.1,8.2
55,nwisca.01.01703642,1e-05,768.0,117.0,116.0,1090000.0,704.0,0.8552700000000001,100.0,3.34870835,1.08,0.163163,10.4,0.000178,2.81,91.2,1.49,220000.0,1505.0,304.0,435006.5,13.9,8.1
56,nwisca.01.01703643,1e-05,756.0,53.7,19.4,895000.0,199.0,0.35733000000000004,15.7,1.40648595,0.36,0.060981,10.95,7.3e-05,1.35,17.2,0.53,160000.0,439.0,43.2,440004.0,13.8,7.9
57,nwisca.01.01703644,1e-05,762.0,33.8,10.9,930000.0,141.0,0.40377,13.7,1.57863585,0.46,0.028844,9.850000000000001,7.7e-05,1.32,11.8,0.43,150000.0,320.0,28.9,500013.5,15.1,7.9
58,nwisca.01.01703645,1e-05,756.0,83.1,136.0,966000.0,388.0,1.4706,43.8,5.7238055,1.54,0.035767,10.6,7.4e-05,2.63,125.0,2.76,410000.0,1230.0,137.0,475046.5,18.8,8.3
59,nwisca.01.01703646,,761.0,37.4,30.9,1070000.0,234.0,1.06554,34.2,4.1230255499999995,1.09,0.008075,11.75,2.6e-05,1.22,22.1,0.63,170000.0,521.0,33.3,480003.5,17.4,8.5
60,nwisca.01.01703647,3e-05,760.0,29.4,17.4,950000.0,135.0,0.9726600000000001,15.0,3.8137272,1.17,0.029833,10.75,8.999999999999999e-05,1.98,17.8,0.67,220000.0,341.5,27.4,450019.5,13.3,7.5
61,nwisca.01.01703648,2e-05,763.0,50.5,31.9,972000.0,259.0,1.5351,32.3,5.981673,1.38,0.028844,10.350000000000001,6.4e-05,1.38,23.9,0.65,170000.0,579.0,53.3,500010.5,16.1,7.7
62,nwisca.01.01703677,3e-05,763.0,50.8,32.3,995000.0,275.0,8.4108,36.1,32.758481,7.43,0.029006999999999998,11.15,5.8e-05,1.8,24.4,0.64,160000.0,601.5,41.1,450006.5,16.2,7.5
63,nwisca.01.01703678,9e-05,762.0,32.3,11.2,1010000.0,148.0,0.80754,16.5,3.17084375,0.84,0.009064,8.8,2.4e-05,1.13,12.5,0.45,150000.0,341.5,28.3,500004.5,13.7,7.0
64,nwisca.01.01703679,3e-05,759.0,36.2,12.3,1030000.0,195.0,1.4706,25.4,5.7288055,1.46,0.030159,9.25,7.199999999999999e-05,1.09,10.9,0.34,110000.0,408.0,17.3,490015.5,14.8,7.6
65,nwisca.01.01703853,8e-05,761.0,38.1,30.0,1090000.0,207.0,7.0692,27.1,27.408263499999997,6.53,0.08125,7.300000000000001,0.000165,1.91,20.9,0.63,180000.0,489.0,34.4,465019.5,15.5,7.1
66,nwisca.01.01703856,4e-05,758.0,33.9,11.3,956000.0,155.0,0.99072,17.2,3.8623007,1.07,0.008237999999999999,8.65,3.3e-05,1.36,12.8,0.45,150000.0,342.0,30.2,470007.0,13.9,7.4
67,nwisca.01.01703859,4e-05,759.0,41.3,16.0,939000.0,225.0,1.8576,29.5,7.2410105,1.74,0.027192,9.5,4.8e-05,1.25,12.7,0.37,110000.0,451.5,19.9,480006.5,14.3,7.4
68,nwisca.01.01703888,1e-05,,,,,,,,,,,12.8,,,,,,512.0,,,9.3,8.3
69,nwisca.01.01703889,,,,,,,,,,,,,,,,,,,,,,
70,nwisca.01.01704021,2e-05,761.0,73.6,44.1,958000.0,284.0,0.6966000000000001,24.4,2.70296755,1.07,0.204038,9.25,0.00034899999999999997,3.02,65.7,1.7,330000.0,792.0,129.0,500047.5,13.8,7.8
71,nwisca.01.01704023,3e-05,759.0,126.0,38.6,1040000.0,484.0,0.53277,40.9,2.03579735,0.72,0.254803,9.0,0.00035299999999999996,6.13,78.3,1.55,260000.0,1170.0,340.0,480003.0,15.2,7.6
72,nwisca.01.01704024,1e-05,757.0,96.2,43.8,969000.0,384.0,1.6383,34.9,6.3466875,1.83,0.44055,10.0,0.000608,4.46,91.0,2.02,340000.0,1065.0,267.0,500008.5,13.0,8.1
73,nwisca.01.01704025,1e-05,754.0,51.1,16.5,974000.0,220.0,0.18705,22.3,0.7309584,0.44,0.079935,10.2,0.000127,1.28,27.6,0.81,210000.0,519.5,39.4,500016.0,13.1,8.3
74,nwisca.01.01704026,1e-05,750.0,71.6,27.0,1020000.0,289.0,,26.8,,0.46,0.132015,9.700000000000001,0.00015900000000000002,1.56,31.3,0.8,190000.0,644.0,38.1,485004.0,13.6,8.1
75,nwisca.01.01704151,,,,,,,,,,,,,,,,,,,,12.0,,
76,nwisca.01.01704152,,,,,,,,,,,,,,,,,,,,101.0,,
77,nwisca.01.01704157,3e-05,772.0,34.0,19.3,964000.0,156.0,0.8746200000000001,17.3,3.4158539,1.11,0.033951999999999996,9.100000000000001,9.6e-05,1.95,21.9,0.76,230000.0,389.5,35.0,480026.0,17.2,7.5
78,nwisca.01.01704158,1e-05,762.0,72.7,73.4,1220000.0,363.0,3.1089,44.2,12.15764,2.7,0.043842000000000006,9.55,5.2e-05,1.13,92.1,2.1,350000.0,931.5,102.0,340016.5,17.5,7.9
79,nwisca.01.01704279,2e-05,764.0,84.0,52.3,1140000.0,349.0,1.21905,33.8,4.755194299999999,1.15,0.042853,9.85,5.4e-05,2.4,42.8,1.0,210000.0,913.5,126.0,385013.0,17.0,7.8
80,nwisca.01.01704280,,766.0,45.0,29.4,1020000.0,184.0,0.14835,17.4,0.5685232,0.4,0.014172,13.55,3.5999999999999994e-05,1.71,30.0,0.96,260000.0,475.0,53.4,500002.0,25.8,8.5
81,nwisca.01.01704282,1e-05,763.0,103.0,52.6,1160000.0,414.0,1.3029,37.9,5.0509205999999995,1.31,0.113887,9.700000000000001,0.000148,2.28,52.2,1.12,210000.0,952.0,145.0,275052.0,19.5,7.9
82,nwisca.01.01704283,2e-05,758.0,103.0,50.5,985000.0,379.0,1.5996000000000001,29.7,6.2295405,1.6,0.17519400000000002,9.95,0.000199,2.4,48.2,1.08,220000.0,876.5,92.0,180049.5,15.4,7.8
83,nwisca.01.01704285,1e-05,752.0,107.0,28.2,1010000.0,342.0,0.7327199999999999,18.4,2.8536880499999997,0.78,0.11174600000000001,9.45,0.00013700000000000002,1.81,37.5,0.88,190000.0,752.5,70.2,190048.0,19.5,8.0
84,nwisca.01.01704286,1e-05,757.0,96.7,57.5,990000.0,372.0,0.5095500000000001,31.8,1.9686518,0.75,0.17783500000000002,10.15,0.000222,1.95,99.9,2.25,370000.0,1055.0,115.0,205040.0,21.5,8.0
85,nwisca.01.01704287,3e-05,763.0,34.2,14.0,1100000.0,142.0,0.20253000000000002,13.6,0.77567455,0.61,0.037245,9.05,7.199999999999999e-05,1.89,17.3,0.63,210000.0,353.5,34.4,390006.5,19.5,7.5
86,nwisca.01.01704289,2e-05,764.0,69.7,36.2,927000.0,334.0,1.4964,39.0,5.835952499999999,1.27,0.0651,9.850000000000001,7.3e-05,1.72,34.1,0.81,180000.0,754.5,138.0,500002.5,16.2,7.8
87,nwisca.01.01705028,5e-05,765.0,54.8,31.8,1050000.0,293.0,11.4939,37.8,45.023268,9.55,0.070045,9.100000000000001,9.6e-05,1.84,22.7,0.58,140000.0,619.5,46.1,470007.5,17.5,7.3
88,nwisca.01.01705030,2e-05,765.0,33.3,9.71,1070000.0,152.0,0.53664,16.7,2.10580025,0.66,0.012031,9.65,3.1e-05,1.23,11.8,0.42,140000.0,326.0,27.6,490012.5,14.6,7.7
89,nwisca.01.01705032,1e-05,749.0,47.3,11.0,932000.0,190.0,0.05805,17.4,0.22758075,0.2,0.012857,10.2,1.6e-05,1.53,17.4,0.55,170000.0,424.5,61.4,375002.0,12.3,8.1
90,nwisca.01.01705034,4e-05,763.0,33.8,10.1,1020000.0,178.0,1.0823099999999999,22.7,4.203743149999999,1.26,0.029833,7.9,5.9999999999999995e-05,1.25,10.1,0.33,110000.0,377.0,15.2,415010.5,14.7,7.4
91,nwisca.01.01705036,1e-05,753.0,38.6,5.37,1020000.0,167.0,0.66822,17.1,2.6251073,0.65,0.012694,9.4,2.3e-05,0.7,9.84,0.33,110000.0,358.5,22.4,500008.5,13.1,8.1
92,nwisca.01.01705054,3e-05,761.0,34.5,11.2,919000.0,159.0,0.7095000000000001,17.8,2.7808278,0.68,0.013183,9.600000000000001,2.2e-05,1.13,12.5,0.43,150000.0,353.0,31.0,500003.0,15.6,7.5
93,nwisca.01.01705057,1e-05,744.0,57.5,12.9,988000.0,229.0,0.13287,20.7,0.5228070499999999,0.21,0.012857,8.45,1.4e-05,1.68,19.5,0.56,160000.0,503.0,77.7,375001.5,13.5,7.9
94,nwisca.01.01705060,1e-05,756.0,36.9,13.1,1080000.0,195.0,1.6383,25.1,6.4388345000000005,1.45,0.024225,9.4,4.8e-05,1.18,10.8,0.33,110000.0,406.0,17.2,500006.5,16.1,7.9
95,nwisca.01.01705062,1e-05,747.0,45.5,6.34,939000.0,198.0,0.5289,20.6,2.0815135000000002,0.44,0.012857,8.4,1.4999999999999999e-05,0.66,10.6,0.33,100000.0,397.5,28.0,500002.5,15.0,8.1
96,nwisca.01.01705074,6e-05,764.0,56.1,36.9,954000.0,308.0,13.674,40.8,53.302175,11.6,0.055047,8.8,8e-05,1.69,25.3,0.63,150000.0,687.0,53.9,490006.0,16.6,7.3
97,nwisca.01.01705076,2e-05,761.0,34.4,10.7,1030000.0,161.0,0.70047,18.2,2.7408263500000003,0.64,0.014009,9.5,2.3e-05,1.23,13.2,0.45,150000.0,353.0,31.2,500002.5,15.6,7.6
98,nwisca.01.01705078,2e-05,744.0,56.3,13.1,989000.0,227.0,0.07095,21.1,0.27815425,0.22,0.012031,8.7,1.6e-05,1.64,20.6,0.59,160000.0,503.5,78.7,430002.0,13.2,7.7
99,nwisca.01.01705080,1e-05,760.0,34.9,11.8,1010000.0,190.0,1.3932000000000002,25.0,5.470938,1.35,0.025877,9.350000000000001,5.3e-05,1.28,10.8,0.34,110000.0,388.5,16.2,490006.5,15.0,7.9
100,nwisca.01.01705082,1e-05,752.0,41.6,5.73,946000.0,183.0,0.62307,19.1,2.4422426999999995,0.55,0.009226999999999999,9.350000000000001,1.9e-05,0.75,10.7,0.34,110000.0,372.0,25.3,490006.5,13.3,8.2
101,nwisca.01.01705099,6e-05,765.0,42.9,27.7,996000.0,230.0,8.4882,30.0,33.244216,7.42,0.069882,9.25,0.000108,1.58,20.9,0.6,160000.0,525.5,36.4,480008.5,15.8,7.3
102,nwisca.01.01705101,3e-05,764.0,32.7,9.52,1080000.0,150.0,0.43344000000000005,16.5,1.6943549,0.47,0.01978,9.65,3.5000000000000004e-05,1.23,12.4,0.44,150000.0,334.0,30.1,500004.0,14.5,7.5
103,nwisca.01.01705104,2e-05,747.0,51.5,12.3,990000.0,206.0,0.11481,18.8,0.45030414999999996,0.11,0.015161,8.75,2.2e-05,1.54,19.4,0.59,170000.0,474.5,68.6,415001.5,13.1,7.8
104,nwisca.01.01705108,2e-05,760.0,33.9,11.0,1110000.0,180.0,0.99975,23.1,3.9051595,1.09,0.025877,9.2,5.6e-05,1.23,10.6,0.34,110000.0,377.5,15.9,490007.5,14.4,7.8
105,nwisca.01.01705112,1e-05,748.0,41.0,5.38,906000.0,175.0,0.6617700000000001,17.7,2.60082055,0.56,0.013183,9.45,2.9e-05,0.65,10.4,0.34,110000.0,364.5,25.0,485014.0,13.1,8.1
106,nwisca.01.01705114,1e-05,765.0,35.1,21.6,1040000.0,204.0,0.65661,28.4,2.5551044000000003,0.8,0.018128,9.8,3.7e-05,1.14,17.6,0.54,160000.0,445.5,26.5,500003.5,14.9,8.3
107,nwisca.01.01705115,2e-05,765.0,30.2,16.6,1070000.0,135.0,0.88752,14.6,3.4801421,1.09,0.033789,10.05,8.5e-05,1.95,17.2,0.64,210000.0,332.5,27.4,450013.5,12.5,7.8
108,nwisca.01.01705116,1e-05,768.0,38.9,17.7,981000.0,186.0,0.79851,21.5,3.1251276,0.86,0.030822000000000002,9.5,7.7e-05,1.3,16.2,0.52,160000.0,414.0,37.7,480013.5,15.0,8.0
109,nwisca.01.01705118,3e-05,761.0,41.0,37.6,992000.0,191.0,0.67725,21.4,2.6386793500000003,0.86,0.055047,9.65,0.00014000000000000001,2.2,38.0,1.2,300000.0,526.5,47.4,385044.5,13.0,7.6
110,nwisca.01.01705120,1e-05,762.0,61.4,31.5,1140000.0,239.0,0.40635,20.8,1.57863585,0.57,0.043842000000000006,9.75,9.6e-05,2.42,28.6,0.8,200000.0,580.5,86.1,495013.5,13.0,8.0
111,nwisca.01.01705121,1e-05,762.0,104.0,102.0,1030000.0,636.0,0.51342,91.4,1.9929385499999999,0.84,0.197778,9.4,0.000228,2.86,77.4,1.34,210000.0,1395.0,265.0,395012.5,13.6,8.0
112,nwisca.01.01705123,2e-05,754.0,46.1,14.4,1080000.0,171.0,0.16383,13.5,0.6380261,0.21,0.061144000000000004,10.65,7.9e-05,1.24,14.8,0.49,160000.0,389.0,39.0,395006.5,13.1,7.8
113,nwisca.01.01705125,2e-05,759.0,32.4,8.63,973000.0,136.0,0.16125,13.3,0.63366875,0.31,0.01978,9.75,5.8e-05,1.3,11.5,0.43,150000.0,303.5,29.5,500010.5,14.7,7.7
114,nwisca.01.01705127,1e-05,761.0,37.2,25.6,960000.0,222.0,0.80625,31.3,3.1065555499999995,0.89,0.019943000000000002,10.25,4.4e-05,1.19,21.1,0.62,170000.0,488.5,30.0,500003.0,15.1,8.1
115,nwisca.01.01705128,6e-05,759.0,29.0,15.6,874000.0,130.0,0.8449500000000001,13.9,3.3137069,0.99,0.0328,9.95,9.7e-05,1.85,16.4,0.63,210000.0,323.0,28.0,465014.5,13.2,7.2
116,nwisca.01.01705129,1e-05,765.0,43.7,22.1,904000.0,210.0,0.99072,24.4,3.87015805,0.95,0.029833,9.350000000000001,6.6e-05,1.36,18.8,0.57,160000.0,477.0,44.5,370014.0,15.4,7.8
117,nwisca.01.01705131,1e-05,761.0,72.2,106.0,976000.0,322.0,1.3287,34.4,5.179497,1.42,0.108116,10.0,0.000163,2.48,99.4,2.41,400000.0,1015.0,116.0,440017.0,14.2,8.0
118,nwisca.01.01705132,,,69.2,34.3,1000000.0,336.0,1.4577,39.6,5.680232,1.43,0.05208,,5.9999999999999995e-05,1.7,34.6,0.82,180000.0,736.0,134.0,485004.0,,
119,nwisca.01.01705133,,,32.8,13.1,956000.0,139.0,0.387,13.8,1.4900609,0.76,0.054721000000000006,,8.400000000000001e-05,1.98,18.3,0.68,220000.0,339.0,31.8,445005.0,,
120,nwisca.01.01705134,,,100.0,48.1,1080000.0,376.0,0.59469,30.6,2.3129516,0.81,0.12492900000000001,10.9,0.000148,1.75,82.6,1.86,320000.0,972.0,111.0,260027.0,16.6,8.3
121,nwisca.01.01705135,1e-05,,104.0,25.4,984000.0,331.0,0.71208,17.5,2.78368515,0.7,0.090814,10.7,0.0001,1.53,33.6,0.8,180000.0,709.0,68.5,245032.5,12.5,8.1
122,nwisca.01.01705136,1e-05,,99.1,43.2,1100000.0,361.0,1.7802,27.6,6.9445695,1.55,0.15096900000000002,10.6,0.00017199999999999998,2.05,44.4,1.02,210000.0,815.5,86.2,440027.0,11.7,8.0
123,nwisca.01.01705137,1e-05,,98.9,44.0,969000.0,391.0,1.6125,35.0,6.288114,1.42,0.099878,10.1,0.000124,2.0,47.5,1.04,210000.0,876.5,127.0,340047.0,14.6,8.1
124,nwisca.01.01705139,1e-05,,50.3,35.2,988000.0,205.0,0.45278999999999997,19.4,1.7536431,0.59,0.014009,10.9,3.4e-05,1.75,35.1,1.07,270000.0,544.0,63.0,500004.5,14.9,8.0
125,nwisca.01.01705141,2e-05,,81.7,45.7,1060000.0,324.0,0.8759100000000001,29.2,3.4265686,0.9,0.023736,10.5,4.2999999999999995e-05,2.25,37.7,0.91,200000.0,741.0,115.0,455006.5,13.1,7.8
126,nwisca.01.01705142,2e-05,758.0,70.8,70.7,873000.0,330.0,3.3411,37.3,13.071963,2.76,0.083065,9.0,9.1e-05,1.05,76.6,1.83,330000.0,927.5,101.0,245027.5,15.2,7.8
127,nwisca.01.01705143,3e-05,762.0,33.2,21.5,1120000.0,151.0,1.08876,16.5,4.260174,1.26,0.040712,9.45,0.000129,1.9,22.4,0.79,240000.0,397.0,33.5,460034.0,14.8,7.5
128,nwisca.01.01705145,2e-05,761.0,51.1,24.2,973000.0,243.0,1.07844,28.0,4.2066005,1.06,0.044994000000000006,10.25,7.7e-05,1.58,23.9,0.67,180000.0,567.5,108.0,500006.0,13.0,7.8
129,nwisca.01.01705147,5e-05,761.0,35.6,14.9,1020000.0,154.0,0.5959800000000001,15.8,2.3236662999999997,0.76,0.062296000000000004,9.45,8.599999999999999e-05,1.94,17.8,0.62,200000.0,374.5,33.2,470002.0,14.0,7.4
130,nwisca.01.01705149,1e-05,751.0,100.0,44.4,1030000.0,370.0,0.9675,28.9,3.76801105,1.01,0.158881,10.55,0.000187,1.82,75.1,1.7,310000.0,953.0,106.0,465013.5,15.2,8.2
131,nwisca.01.01705151,1e-05,747.0,97.3,23.3,1030000.0,313.0,0.67596,17.1,2.635822,0.74,0.09822600000000001,10.100000000000001,0.000132,1.56,33.8,0.83,190000.0,673.0,63.0,465013.0,12.6,8.1
132,nwisca.01.01705153,1e-05,754.0,83.7,36.7,1010000.0,312.0,1.3416000000000001,24.9,5.2230704999999995,1.46,0.141905,10.15,0.000177,2.08,40.4,1.0,220000.0,721.5,77.0,465010.0,12.7,8.0
133,nwisca.01.01705155,1e-05,758.0,92.5,43.1,902000.0,373.0,1.3932000000000002,34.5,5.4323645,1.34,0.109768,10.0,0.00014099999999999998,2.18,47.8,1.08,220000.0,847.0,125.0,,13.4,8.1
134,nwisca.01.01705157,1e-05,762.0,46.4,32.9,1020000.0,193.0,0.5108400000000001,18.8,1.9929385499999999,0.66,0.043016,10.25,6.7e-05,1.91,34.7,1.08,280000.0,517.0,58.7,470005.5,17.4,8.0
135,nwisca.01.01705163,1e-05,762.0,67.2,59.7,930000.0,311.0,3.1347000000000005,34.9,12.264786999999998,2.55,0.083065,9.55,9.6e-05,1.11,72.6,1.79,340000.0,855.5,92.7,440011.0,14.9,8.1
136,nwisca.01.01705165,3e-05,766.0,32.0,20.4,1050000.0,149.0,0.97395,16.8,3.81086985,1.17,0.041864,9.7,0.00011999999999999999,1.88,22.4,0.8,240000.0,381.0,33.3,470027.0,13.2,7.5
137,nwisca.01.01705166,3e-05,769.0,53.3,25.6,1130000.0,249.0,1.21647,28.3,4.755194299999999,1.14,0.048787,10.15,7.5e-05,1.51,27.1,0.75,190000.0,577.0,110.0,500004.5,13.6,7.5
138,nwisca.01.01705167,0.00013,769.0,38.4,16.7,1030000.0,166.0,0.6488700000000001,16.9,2.5229603000000003,0.89,0.064111,8.6,8.7e-05,1.91,20.0,0.68,210000.0,394.5,34.9,465004.0,14.9,6.9
139,nwisca.01.01705168,1e-05,760.0,89.4,41.4,1160000.0,329.0,0.8578500000000001,25.7,3.3458509999999997,0.86,0.18278,11.0,0.00020899999999999998,1.64,72.9,1.75,320000.0,889.5,96.3,500003.5,13.9,8.0
140,nwisca.01.01705169,1e-05,753.0,100.0,25.4,942000.0,325.0,0.72756,18.1,2.8429733500000003,0.72,0.102682,10.25,0.00014399999999999998,1.55,37.5,0.9,200000.0,713.0,67.1,410025.0,11.7,7.9
141,nwisca.01.01705170,1e-05,760.0,94.1,44.9,959000.0,355.0,1.5351,29.1,5.9916730000000005,1.4,0.158881,10.2,0.000188,2.47,49.4,1.14,230000.0,824.5,89.2,455009.5,11.6,7.9
142,nwisca.01.01705171,1e-05,761.0,92.7,43.2,922000.0,374.0,1.3674000000000002,34.7,5.3302175,1.27,0.115702,9.65,0.000149,2.22,51.3,1.15,230000.0,844.0,122.0,440024.0,15.5,8.0
143,nwisca.01.01705173,1e-05,764.0,38.8,47.0,1050000.0,167.0,0.80625,17.0,3.12798495,0.85,0.040875,10.3,7.099999999999999e-05,1.45,39.6,1.33,340000.0,611.5,66.3,500006.0,15.7,8.0
144,nwisca.01.01705175,1e-05,765.0,70.6,40.8,1010000.0,281.0,0.6501600000000001,25.5,2.5415323499999998,0.74,0.043178999999999995,9.75,7.099999999999999e-05,2.24,35.6,0.92,210000.0,660.5,104.0,240009.0,10.7,7.9
145,nwisca.01.01705176,1e-05,760.0,67.7,62.5,944000.0,312.0,3.096,34.7,12.100493,2.72,0.070045,9.600000000000001,7.7e-05,1.06,74.0,1.82,340000.0,869.0,93.3,500000.5,15.1,7.9
146,nwisca.01.01705177,4e-05,763.0,32.2,19.0,1100000.0,147.0,0.99975,16.1,3.90801685,1.17,0.041864,9.600000000000001,0.000115,1.89,20.6,0.74,230000.0,367.0,31.8,465025.5,13.3,7.5
147,nwisca.01.01705180,1e-05,763.0,66.5,33.8,1060000.0,318.0,1.3932000000000002,36.9,5.4323645,1.25,0.055873000000000006,10.15,6.2e-05,1.55,33.4,0.81,190000.0,731.5,139.0,500002.0,13.2,7.9
148,nwisca.01.01705183,2e-05,764.0,33.2,13.9,1090000.0,140.0,0.37023,13.9,1.4414873999999998,0.78,0.052743,9.55,7.8e-05,1.88,18.2,0.67,220000.0,348.5,34.1,440005.5,15.8,7.7
149,nwisca.01.01705186,1e-05,760.0,105.0,50.7,1110000.0,395.0,0.7417499999999999,32.0,2.8829747999999995,0.9,0.155914,10.700000000000001,0.000162,1.59,87.9,1.92,330000.0,1030.0,113.0,430015.0,14.5,8.0
150,nwisca.01.01705189,1e-05,749.0,103.0,26.8,1080000.0,333.0,0.76497,18.1,2.9908365,0.85,0.094107,12.25,0.000121,1.52,36.9,0.88,190000.0,733.0,69.2,450009.5,12.9,8.0
151,nwisca.01.01705192,1e-05,757.0,98.0,47.1,1040000.0,366.0,1.5222,29.4,5.9380995,1.5,0.16382600000000003,10.25,0.000183,2.14,49.2,1.12,230000.0,854.0,91.8,480009.0,13.1,7.9
152,nwisca.01.01705195,2e-05,768.0,43.6,27.0,1030000.0,179.0,0.40764,17.0,1.58435055,0.58,0.023899,10.600000000000001,4.7e-05,1.64,30.3,0.98,270000.0,469.0,51.5,455004.5,15.4,7.7
153,nwisca.01.01705198,1e-05,770.0,76.2,44.6,1140000.0,305.0,0.80883,27.9,3.1572717,1.07,0.034941,10.25,4.4999999999999996e-05,2.2,38.9,0.97,220000.0,719.0,111.0,435007.0,14.7,8.1
154,nwisca.01.01705201,1e-05,763.0,68.8,69.5,1180000.0,328.0,3.1605000000000003,37.9,12.4005075,2.69,0.054058,9.8,6.2e-05,0.93,81.0,1.95,350000.0,923.0,102.0,,14.6,7.9
155,nwisca.01.01705204,5e-05,765.0,32.7,19.8,975000.0,150.0,0.99717,16.6,3.8944447999999996,1.22,0.044005,9.3,0.000116,1.85,22.0,0.78,240000.0,382.5,33.5,465027.0,14.8,7.3
156,nwisca.01.01705206,1e-05,765.0,67.7,37.7,895000.0,334.0,1.3674000000000002,40.0,5.3352175,1.32,0.061807,10.3,6.900000000000001e-05,1.59,35.0,0.83,190000.0,767.0,139.0,450001.5,14.2,7.9
157,nwisca.01.01705208,1e-05,765.0,32.7,13.5,991000.0,137.0,,13.4,,0.65,0.01615,9.3,5.9e-05,1.84,17.2,0.64,210000.0,344.0,33.1,465005.5,17.8,8.2
158,nwisca.01.01705210,1e-05,754.0,97.3,53.1,991000.0,370.0,0.44633999999999996,30.9,1.7293563500000002,0.64,0.147839,10.850000000000001,0.000163,1.52,88.4,2.0,340000.0,1010.0,108.0,235009.0,18.3,8.1
159,nwisca.01.01705212,1e-05,748.0,105.0,28.6,989000.0,337.0,0.7133700000000001,18.4,2.78368515,0.79,0.10877900000000001,9.850000000000001,0.00013900000000000002,1.64,36.4,0.86,190000.0,762.5,69.5,270034.5,14.2,8.0
160,nwisca.01.01705214,1e-05,755.0,100.0,51.3,933000.0,371.0,1.5738,29.3,6.1273935,1.53,0.173053,9.95,0.000188,2.22,49.4,1.12,220000.0,884.0,92.2,280026.5,13.7,7.9
161,nwisca.01.01705216,1e-05,753.0,99.1,53.6,909000.0,408.0,1.0216800000000001,39.0,3.9673050499999998,1.24,0.089162,9.25,0.00013900000000000002,2.17,57.6,1.24,230000.0,960.5,146.0,465020.5,18.5,8.0
162,nwisca.01.01705219,,758.0,46.1,66.3,983000.0,233.0,,28.7,,0.38,,12.7,2.5e-05,2.04,67.6,1.93,380000.0,737.0,96.8,465002.5,,8.5
163,nwisca.01.01705222,2e-05,758.0,84.7,55.4,1000000.0,354.0,1.28871,34.7,5.04806325,1.19,0.043016,10.0,4.8e-05,2.25,42.6,0.98,210000.0,843.0,128.0,500001.0,17.1,7.7
164,nwisca.01.01705224,2e-05,756.0,57.6,75.6,999000.0,299.0,3.3024,37.7,12.907669,3.01,0.048787,9.25,5.6e-05,1.05,84.6,2.13,380000.0,921.5,101.0,445001.0,16.5,7.8
165,nwisca.01.01705227,3e-05,760.0,56.7,54.2,1010000.0,295.0,2.9799,37.3,11.671904999999999,2.8,0.046146,8.95,8.3e-05,1.99,52.3,1.32,280000.0,778.0,67.5,465012.5,18.0,7.6
166,nwisca.01.01705228,1e-05,751.0,70.3,42.3,948000.0,360.0,1.01394,44.7,3.97230505,0.99,0.024225,9.6,2.9e-05,1.13,52.0,1.19,240000.0,829.0,121.0,495012.0,13.4,8.2
167,nwisca.01.01705229,1e-05,759.0,144.0,128.0,974000.0,596.0,0.6720900000000001,57.4,2.53081765,0.99,0.131026,7.1,0.000155,2.46,186.0,3.32,400000.0,1735.0,364.0,475005.0,13.7,8.0
168,nwisca.01.01705230,1e-05,761.0,125.0,78.4,920000.0,527.0,2.1156,51.9,8.2574805,1.74,0.10086700000000001,9.9,0.000114,2.6,107.0,2.03,310000.0,1300.0,266.0,365010.0,14.3,8.2
169,nwisca.01.01705232,1e-05,759.0,121.0,51.3,1000000.0,449.0,0.61404,35.4,2.3936691999999997,0.69,0.194811,9.95,0.000219,2.17,70.8,1.45,250000.0,1040.0,165.0,480019.0,13.6,8.3
170,nwisca.01.01705233,1e-05,754.0,106.0,36.6,1000000.0,397.0,0.46182,32.0,1.8022166,0.59,0.145035,9.95,0.000177,2.18,56.5,1.23,240000.0,925.5,153.0,375019.0,13.5,8.2
171,nwisca.01.01705234,1e-05,748.0,84.7,34.1,1030000.0,346.0,0.18189,32.7,0.70517165,0.33,0.12707000000000002,9.8,0.00013900000000000002,1.45,37.6,0.88,190000.0,754.5,45.4,475008.5,12.4,8.2
172,nwisca.01.01705235,1e-05,752.0,70.4,22.2,961000.0,294.0,0.19866,28.8,0.7761745499999999,0.34,0.08191300000000001,10.0,9.5e-05,1.17,34.5,0.87,200000.0,624.5,49.3,475010.5,12.0,8.2
173,nwisca.01.01705236,2e-05,757.0,162.0,42.9,958000.0,604.0,0.46827,48.3,1.7429283999999998,0.74,0.246891,9.05,0.000383,7.41,86.1,1.52,230000.0,1350.0,415.0,480014.5,15.4,7.7
174,nwisca.01.01705238,2e-05,762.0,31.9,13.8,977000.0,127.0,0.20898,11.4,0.80731865,0.56,0.076805,9.8,0.000148,1.7,21.3,0.83,260000.0,337.5,38.4,455026.0,13.3,7.8
175,nwisca.01.01705240,1e-05,756.0,69.5,58.3,895000.0,362.0,0.79851,45.6,3.12798495,0.77,0.015987,9.600000000000001,2.3e-05,1.0,63.5,1.45,280000.0,937.0,143.0,340005.0,16.1,8.1
176,nwisca.01.01705244,1e-05,765.0,128.0,137.0,913000.0,552.0,0.39603,56.2,1.4550594499999998,0.72,0.0979,6.1,0.000121,2.54,187.0,3.46,420000.0,1735.0,353.0,300010.5,15.3,7.9
177,nwisca.01.01705249,1e-05,763.0,115.0,57.5,1010000.0,435.0,0.38442,36.0,1.4900609,0.57,0.213102,9.75,0.000247,2.2,75.8,1.58,270000.0,1060.0,157.0,400002.0,15.2,8.2
178,nwisca.01.01705251,1e-05,754.0,109.0,42.9,953000.0,407.0,0.27219,32.8,1.06018615,0.44,0.170249,9.25,0.000183,2.3,62.1,1.34,250000.0,992.5,164.0,485010.0,16.1,8.1
179,nwisca.01.01705253,1e-05,748.0,82.0,39.9,1010000.0,335.0,0.11094,31.5,0.42066005,0.28,0.152947,9.65,0.000166,1.42,42.5,1.01,220000.0,789.5,47.6,,15.0,8.0
180,nwisca.01.01705257,1e-05,755.0,97.2,49.0,1020000.0,380.0,1.02813,33.3,4.0287359,1.24,0.43955,9.8,0.0005620000000000001,3.04,86.7,1.94,330000.0,1055.0,232.0,465003.5,14.9,8.1
181,nwisca.01.01705259,,752.0,64.5,24.0,1040000.0,275.0,0.15222,27.7,0.59230995,0.29,0.09114,10.05,0.000103,1.12,37.4,0.98,230000.0,653.0,52.5,500003.5,14.4,8.4
182,nwisca.01.01705261,1e-05,760.0,128.0,94.3,1010000.0,541.0,2.0124,53.6,7.902465999999999,1.94,0.10877900000000001,9.350000000000001,0.000125,2.6,114.0,2.14,310000.0,1405.0,272.0,255017.5,15.2,8.1
183,nwisca.01.01705279,2e-05,756.0,172.0,51.2,975000.0,643.0,0.50568,52.1,1.8772194999999998,0.67,0.252162,8.85,0.000342,7.73,95.7,1.64,240000.0,1465.0,466.0,500002.0,16.5,7.7
184,nwisca.01.01705281,1e-05,759.0,136.0,91.8,963000.0,521.0,1.01652,44.3,3.96159035,1.07,0.244087,9.05,0.000309,3.85,113.0,2.16,320000.0,1375.0,249.0,480009.0,14.5,7.9
185,nwisca.01.01705364,1e-05,750.0,74.6,53.3,941000.0,374.0,0.98943,45.7,3.88087275,0.85,0.028844,9.100000000000001,2.9999999999999997e-05,1.13,58.4,1.31,250000.0,891.5,135.0,425020.5,16.3,8.0
186,nwisca.01.01705365,1e-05,756.0,120.0,55.1,1110000.0,450.0,0.44763,36.5,1.7322137,0.62,0.211787,10.0,0.000247,2.35,73.4,1.5,260000.0,1055.0,167.0,410002.5,19.9,8.3
187,nwisca.01.01705366,1e-05,750.0,115.0,42.0,1050000.0,424.0,0.35088,33.2,1.3636271500000001,0.49,0.163,9.4,0.000185,2.44,63.2,1.34,240000.0,976.5,166.0,435011.5,17.1,8.2
188,nwisca.01.01705367,1e-05,759.0,133.0,91.8,982000.0,551.0,2.1414,53.3,8.3546275,1.89,0.11471300000000001,9.2,0.00013700000000000002,2.68,116.0,2.16,310000.0,1380.0,274.0,275030.5,17.3,8.1
189,nwisca.01.01705368,1e-05,747.0,87.6,38.5,993000.0,353.0,0.15738,32.6,0.6088819999999999,0.32,0.142731,9.55,0.00015900000000000002,1.48,42.6,0.99,210000.0,778.0,49.2,185025.0,15.9,7.9
190,nwisca.01.01705369,1e-05,751.0,69.0,23.9,1140000.0,287.0,0.21156000000000003,27.9,0.8223906999999999,0.33,0.086195,9.1,0.000103,1.2,35.4,0.91,210000.0,650.0,52.2,465012.0,14.9,8.1
191,nwisca.01.01705370,1e-05,754.0,106.0,48.9,1000000.0,408.0,1.26033,34.9,4.92448685,1.38,0.41714,9.5,0.0005570000000000001,3.4,88.7,1.91,320000.0,1085.0,254.0,500004.5,15.0,8.0
192,nwisca.01.01705371,2e-05,758.0,172.0,50.2,987000.0,647.0,0.67983,52.9,2.5658190999999997,0.72,0.251836,8.8,0.000335,7.94,92.7,1.59,230000.0,1460.0,477.0,455004.0,16.9,7.7
193,nwisca.01.01705372,2e-05,762.0,134.0,87.1,1100000.0,516.0,1.05522,44.2,4.101596150000001,1.08,0.238979,8.95,0.00029499999999999996,3.84,109.0,2.09,310000.0,1345.0,247.0,285029.5,15.2,7.8
194,nwisca.01.01705373,1e-05,754.0,69.0,46.1,1050000.0,351.0,0.89655,43.3,3.5180008999999997,0.82,0.024225,9.5,2.6e-05,0.99,54.9,1.28,250000.0,852.0,128.0,405017.0,14.0,8.2
195,nwisca.01.01705374,1e-05,762.0,120.0,104.0,1130000.0,490.0,0.49536,46.1,1.86936215,0.69,0.092792,7.2,0.00011,2.05,151.0,2.97,400000.0,1490.0,301.0,150018.0,14.1,8.0
196,nwisca.01.01705375,,760.0,120.0,54.0,1050000.0,451.0,0.48891,36.8,1.9015062499999997,0.59,0.193822,10.4,0.000224,2.14,76.3,1.56,270000.0,1055.0,171.0,415015.5,15.3,8.5
197,nwisca.01.01705376,1e-05,754.0,112.0,38.3,1070000.0,417.0,0.38442,33.3,1.4979182500000001,0.52,0.152121,9.9,0.000178,2.2,61.3,1.31,240000.0,953.0,159.0,290040.0,13.7,8.1
198,nwisca.01.01705377,1e-05,762.0,129.0,83.7,1000000.0,538.0,2.0898000000000003,52.3,8.1603335,1.85,0.109768,9.700000000000001,0.000125,2.56,114.0,2.13,310000.0,1350.0,264.0,130039.0,14.4,8.3
199,nwisca.01.01705378,1e-05,757.0,104.0,48.2,1020000.0,409.0,1.4319000000000002,36.1,5.588085,1.57,0.42027000000000003,10.05,0.000533,3.57,93.0,2.0,330000.0,1100.0,273.0,500004.0,12.9,8.2
200,nwisca.01.01705379,1e-05,750.0,85.7,34.4,1020000.0,350.0,0.18705,33.0,0.68424225,0.34,0.13514500000000002,10.4,0.000147,1.4,39.2,0.91,200000.0,759.0,47.3,455002.5,16.5,8.1
201,nwisca.01.01705380,1e-05,753.0,66.2,22.1,1130000.0,280.0,0.21801,27.9,0.8510348000000001,0.35,0.076805,10.2,9.7e-05,1.15,35.7,0.93,220000.0,629.0,49.7,475010.0,12.3,8.3
202,nwisca.01.01705381,2e-05,759.0,152.0,45.0,1200000.0,580.0,0.50826,48.7,1.8986489,0.76,0.254966,9.25,0.00039200000000000004,7.4,88.7,1.6,250000.0,1345.0,440.0,500003.0,15.2,7.7
203,nwisca.01.01705382,2e-05,762.0,126.0,79.3,999000.0,487.0,1.00749,42.0,3.9215888999999997,1.11,0.24309799999999998,9.2,0.000299,3.79,107.0,2.1,320000.0,1275.0,233.0,465018.5,14.0,7.8
204,nwisca.01.01705383,1e-05,755.0,61.7,36.7,1020000.0,312.0,0.8423700000000001,38.3,3.2972775,0.73,0.02604,9.45,3.5999999999999994e-05,1.04,40.9,1.01,220000.0,759.0,107.0,480006.5,14.5,8.1
205,nwisca.01.01705384,1e-05,760.0,98.0,74.2,992000.0,389.0,0.61662,35.1,2.34795305,0.84,0.11685400000000001,9.4,0.00015099999999999998,2.2,106.0,2.33,370000.0,1150.0,249.0,500004.0,14.0,7.9
206,nwisca.01.01705385,1e-05,760.0,120.0,72.3,957000.0,502.0,1.9737,49.3,7.713172,1.78,0.10680100000000001,10.700000000000001,0.000128,2.93,105.0,2.04,310000.0,1285.0,245.0,425010.5,14.5,8.2
207,nwisca.01.01705387,,757.0,110.0,44.5,992000.0,419.0,0.65919,35.1,2.5443897,0.84,0.19711499999999998,10.600000000000001,0.000235,2.41,65.2,1.39,250000.0,996.0,166.0,445006.0,13.5,8.3
208,nwisca.01.01705388,1e-05,751.0,101.0,32.6,1020000.0,377.0,0.43086,30.5,1.6836402000000001,0.61,0.142894,10.3,0.000191,2.31,54.2,1.21,240000.0,870.0,142.0,460035.5,12.0,8.2
209,nwisca.01.01705389,1e-05,747.0,77.8,28.7,972000.0,318.0,0.2322,29.9,0.89775095,0.43,0.126907,9.5,0.000146,1.65,33.8,0.83,190000.0,685.5,41.4,450010.0,13.0,8.2
210,nwisca.01.01705390,1e-05,749.0,60.0,18.6,1060000.0,253.0,0.23865,25.1,0.9386097499999999,0.42,0.07977200000000001,10.55,0.00011,1.34,30.5,0.84,210000.0,566.5,43.1,495010.5,12.5,8.3
211,nwisca.01.01705391,2e-05,762.0,142.0,42.0,969000.0,543.0,0.48375,46.1,1.85293275,0.72,0.26370400000000005,9.850000000000001,0.000397,6.89,84.3,1.57,250000.0,1275.0,396.0,490006.0,14.5,7.7
212,nwisca.01.01705392,1e-05,766.0,103.0,61.6,849000.0,404.0,0.8643000000000001,35.6,3.3672804000000003,1.1,0.219862,10.100000000000001,0.000314,3.55,86.9,1.88,320000.0,1065.0,184.0,440022.5,12.0,7.9
213,nwisca.01.01705393,1e-05,767.0,122.0,80.3,992000.0,506.0,1.9737,48.6,7.746745499999999,1.78,0.10680100000000001,10.0,0.000121,2.63,107.0,2.08,310000.0,1300.0,264.0,315014.5,13.6,8.2
214,nwisca.01.01705394,,765.0,105.0,46.6,1040000.0,398.0,0.61533,32.9,2.39652655,0.73,0.200082,10.2,0.000236,2.1,64.5,1.41,260000.0,991.0,160.0,275043.0,13.5,8.3
215,nwisca.01.01705395,1e-05,758.0,103.0,35.5,1010000.0,385.0,0.32121,30.9,1.215764,0.61,0.129048,10.100000000000001,0.000186,2.17,55.1,1.22,240000.0,904.0,148.0,395034.5,11.5,8.2
216,nwisca.01.01705396,1e-05,770.0,92.9,67.5,1030000.0,362.0,0.6063,31.5,2.32652365,0.85,0.138112,8.1,0.00016700000000000002,2.14,87.7,2.01,340000.0,1020.0,209.0,500002.5,14.7,7.9
217,nwisca.01.01705397,1e-05,762.0,69.8,41.9,992000.0,349.0,0.8862300000000001,42.4,3.47228475,0.86,0.02604,9.45,2.9e-05,1.06,49.9,1.16,240000.0,813.0,121.0,410016.0,14.8,8.1
218,nwisca.01.01705744,3e-05,762.0,31.2,45.6,935000.0,226.0,8.8236,35.9,34.694274,7.12,0.104986,4.05,,1.47,28.4,0.82,210000.0,567.5,39.2,,21.0,7.75
219,nwisca.01.01705745,3e-05,761.0,76.7,110.0,690000.0,281.0,0.8772000000000001,21.6,3.447998,0.68,0.08207600000000001,0.25,,1.75,77.4,2.01,370000.0,876.5,50.8,,20.5,7.7
220,nwisca.01.01705746,3e-05,762.0,39.3,115.0,676000.0,143.0,,10.8,,0.07,0.128222,0.2,,2.33,128.0,4.68,660000.0,865.5,45.9,,22.5,7.75
221,nwisca.01.01705747,0.0001,762.0,30.8,63.3,953000.0,172.0,2.2317,23.0,8.7682155,1.75,0.10284499999999999,8.75,,3.12,44.0,1.46,350000.0,544.0,30.3,,20.5,7.4
222,nwisca.01.01705849,4e-05,764.0,78.1,42.7,779000.0,284.0,5.1084000000000005,21.4,20.065106,4.02,0.05208,1.5,,1.33,32.2,0.83,200000.0,671.5,35.6,,20.5,7.75
223,nwisca.01.01705850,5e-05,762.0,133.0,411.0,787000.0,530.0,0.39216,47.5,1.5436344,0.36,0.10514899999999999,0.2,,3.28,162.0,3.08,400000.0,1850.0,97.6,,18.0,7.55
224,nwisca.01.01705851,5e-05,753.0,30.5,34.4,914000.0,341.0,3.0444,64.2,11.993345999999999,2.48,0.071034,4.35,,1.03,22.3,0.53,120000.0,683.0,35.1,,18.5,7.6
225,nwisca.01.01705852,5e-05,762.0,65.5,49.4,831000.0,431.0,3.8958,64.6,15.329197,3.03,0.044831,1.05,,1.26,42.8,0.9,180000.0,935.0,76.3,,19.0,7.6
226,nwisca.01.01705853,6e-05,,56.2,49.2,767000.0,259.0,4.695600000000001,28.6,18.450754000000003,3.81,0.027029,4.5,,1.22,20.2,0.55,140000.0,589.0,40.9,,18.0,7.55
227,nwisca.01.01706464,1e-05,757.0,84.1,155.0,985000.0,397.0,1.3416000000000001,45.5,5.164497,1.56,0.013846,9.65,7.099999999999999e-05,2.48,132.0,2.89,420000.0,1350.0,150.0,360058.0,15.2,8.2
228,nwisca.01.01706465,3e-05,757.0,29.9,19.1,952000.0,136.0,0.99717,14.9,3.90801685,1.19,0.040049,9.25,0.00011,2.05,17.3,0.65,210000.0,332.5,26.8,365023.5,12.7,7.5
229,nwisca.01.01706466,1e-05,763.0,60.1,40.4,994000.0,315.0,1.8576,40.1,7.2460105,1.68,0.018128,9.1,3.9e-05,1.46,29.1,0.71,170000.0,690.0,66.0,375013.5,15.8,7.9
230,nwisca.01.01706467,1e-05,759.0,23.3,15.4,1030000.0,125.0,0.49923,16.2,1.9093636,1.28,0.04582,9.850000000000001,0.000204,1.51,11.0,0.43,160000.0,282.0,15.7,430041.5,15.4,8.0
231,nwisca.01.01706468,2e-05,761.0,24.4,7.62,983000.0,98.8,0.26058000000000003,9.2,1.01832735,0.46,0.033289,10.450000000000001,0.000107,1.18,8.27,0.36,150000.0,248.5,23.1,480023.5,12.6,7.8
232,nwisca.01.01706469,1e-05,756.0,43.3,14.6,968000.0,160.0,0.2322,12.5,0.913823,0.5,0.069056,10.4,0.000217,1.34,13.8,0.48,160000.0,352.5,34.2,470064.0,12.4,8.0
233,nwisca.01.01706470,1e-05,769.0,92.0,78.9,1090000.0,536.0,0.83076,74.3,3.24084665,1.22,0.160859,10.55,0.000187,2.69,67.6,1.27,210000.0,1135.0,190.0,270053.0,12.1,8.3
234,nwisca.01.01706471,1e-05,767.0,64.4,35.4,1080000.0,253.0,0.26316,22.4,1.0241847,0.82,0.042853,10.350000000000001,0.000107,2.47,31.1,0.85,210000.0,581.0,82.8,,12.1,8.2
235,nwisca.01.01706665,1e-05,756.0,89.7,145.0,1020000.0,413.0,1.5996000000000001,45.8,6.185967,1.61,0.060818,8.9,0.0001,2.46,126.0,2.71,400000.0,1295.0,151.0,470021.5,18.3,8.1
236,nwisca.01.01706666,1e-05,762.0,43.0,21.6,944000.0,205.0,0.95202,23.8,3.7222949,1.02,0.018954,8.75,8.1e-05,1.3,17.7,0.54,160000.0,462.5,42.8,490019.0,16.5,7.9
237,nwisca.01.01706667,2e-05,759.0,28.6,15.5,937000.0,127.0,0.9042899999999999,13.4,3.5501449999999997,1.0,0.029996000000000002,10.3,0.000104,1.84,15.9,0.62,210000.0,321.0,27.7,365028.5,13.5,7.8
238,nwisca.01.01706668,1e-05,761.0,36.4,25.7,971000.0,215.0,0.6978900000000001,30.2,2.7136822499999997,0.76,0.007749000000000001,9.850000000000001,2.9e-05,1.11,19.2,0.57,160000.0,485.5,29.5,475003.0,16.0,8.3
239,nwisca.01.01706669,2e-05,761.0,32.0,8.4,1080000.0,134.0,0.16383,13.1,0.6385261,0.32,0.014009,9.65,5.7e-05,1.26,10.5,0.39,140000.0,299.0,29.0,500009.5,14.1,7.7
240,nwisca.01.01706670,1e-05,754.0,54.6,20.1,911000.0,201.0,0.25413,15.8,0.9988979499999999,0.24,0.056199,10.3,6.3e-05,1.33,16.8,0.51,150000.0,448.0,44.8,355002.0,14.0,8.1
241,nwisca.01.01706671,1e-05,761.0,117.0,131.0,988000.0,725.0,0.74046,105.0,2.8858321499999997,1.04,0.194974,9.05,0.000228,2.84,103.0,1.67,240000.0,1282.0,326.0,410015.0,13.6,8.1
242,nwisca.01.01706672,1e-05,757.0,76.7,44.6,928000.0,316.0,0.72627,30.2,2.83725865,0.9,0.014835000000000001,9.65,3.3e-05,2.25,38.9,0.95,210000.0,735.5,110.0,435008.0,13.9,8.2
243,nwisca.01.01706710,1e-05,,66.2,112.0,972000.0,308.0,1.8963,34.7,7.3481575,1.91,0.09477,9.2,0.000162,2.18,110.0,2.73,430000.0,1030.0,101.0,445021.5,14.8,8.0
244,nwisca.01.01706712,3e-05,761.0,29.3,15.6,975000.0,132.0,0.95073,14.3,3.72515225,1.08,0.036919,9.55,8.9e-05,1.82,17.2,0.65,220000.0,327.5,28.6,460014.5,13.3,7.5
245,nwisca.01.01706713,1e-05,,34.7,21.0,1070000.0,197.0,0.77529,26.9,2.9879791499999997,0.87,0.02604,10.1,5.9e-05,1.22,18.1,0.56,170000.0,435.5,24.9,485004.5,15.7,8.1
246,nwisca.01.01706714,1e-05,765.0,33.1,8.37,1180000.0,139.0,0.23736000000000002,13.6,0.9337523999999999,0.24,0.019117000000000002,10.0,5.2e-05,1.24,11.6,0.43,150000.0,310.0,30.4,490008.0,13.8,7.9
247,nwisca.01.01706715,2e-05,760.0,47.3,15.1,862000.0,177.0,0.17931000000000002,14.2,0.70567165,0.14,0.06312200000000001,11.100000000000001,7.4e-05,1.17,15.9,0.52,160000.0,396.5,39.7,460003.0,12.0,7.7
248,nwisca.01.01706716,1e-05,770.0,95.0,94.4,1010000.0,572.0,0.41925,81.4,1.6272093499999998,0.7,0.178987,9.4,0.000208,2.43,71.1,1.29,210000.0,1285.0,246.0,450013.0,14.0,7.9
249,nwisca.01.01706717,1e-05,,73.6,41.5,1270000.0,290.0,0.57018,25.7,2.232234,0.54,0.0323,10.0,5.3e-05,2.25,37.1,0.95,220000.0,694.0,111.0,500005.0,14.5,8.0
250,nwisca.01.01706944,5e-05,,57.2,43.1,1040000.0,313.0,13.158,41.3,51.744969999999995,11.2,0.053069000000000005,7.7,7.8e-05,1.88,28.6,0.7,160000.0,714.5,55.9,470007.0,17.2,7.3
251,nwisca.01.01706945,1e-05,759.0,47.7,15.9,922000.0,176.0,0.2064,13.7,0.811676,0.26,0.060981,10.0,7.000000000000001e-05,1.23,15.5,0.51,160000.0,402.5,40.2,455003.0,13.2,8.1
252,nwisca.01.01706978,1e-05,764.0,68.8,37.6,932000.0,276.0,0.64629,25.3,2.53081765,0.72,0.028844,10.600000000000001,5.2e-05,2.23,32.8,0.86,200000.0,647.5,93.8,500003.0,14.0,8.2
253,nwisca.01.01706980,1e-05,767.0,112.0,111.0,1000000.0,674.0,0.85011,95.5,3.3215642499999998,1.05,0.18887700000000002,9.65,0.000207,3.03,87.4,1.47,220000.0,1465.0,286.0,500001.5,13.1,7.9
254,nwisca.01.01706981,2e-05,764.0,42.5,21.3,903000.0,206.0,0.88365,24.3,3.4508553500000003,0.82,0.024062,8.649999999999999,6.3e-05,1.31,19.4,0.59,170000.0,462.5,42.1,495009.0,15.2,7.8
255,nwisca.01.01706985,1e-05,762.0,43.0,34.8,990000.0,169.0,0.67467,15.0,2.6386793500000003,0.76,0.039223,10.100000000000001,7.9e-05,1.52,22.1,0.74,220000.0,601.0,86.0,375011.0,12.7,7.9
256,nwisca.01.01706986,1e-05,762.0,101.0,49.6,1100000.0,406.0,1.4190000000000003,37.6,5.5245115,1.44,0.103171,10.100000000000001,0.00016700000000000002,2.1,53.4,1.15,220000.0,926.0,140.0,500014.0,12.2,8.1
257,nwisca.01.01706989,2e-05,759.0,120.0,127.0,980000.0,495.0,0.5418,47.7,1.95007975,0.81,0.092792,4.15,0.000112,2.45,163.0,3.19,420000.0,1525.0,310.0,380015.5,18.6,7.6
258,nwisca.01.01706997,1e-05,764.0,31.6,8.27,1020000.0,132.0,0.23478,13.0,0.9220377,0.4,0.024888,9.95,7.7e-05,1.36,10.9,0.41,150000.0,293.0,28.0,500011.5,13.2,7.9
259,nwisca.01.01707852,,,6560.0,,,,,2403.6666666666665,,,,,246.9333333333333,4463.666666666667,14600.0,,,,,,,
260,nwisca.01.01707853,,,6134.333333333333,,,,,4395.333333333333,,,,,251.16666666666666,3579.6666666666665,16299.999999999998,,,,,,,
261,nwisca.01.01707865,,,10403.333333333334,,,,,3346.3333333333335,,,,,357.6333333333334,4942.666666666667,16600.0,,,,,,,
262,nwisca.01.01707866,,,4600.333333333333,,,,,3952.3333333333335,,,,,178.53333333333333,4463.666666666667,14300.0,,,,,,,
263,nwisca.01.01707867,,,4000.0,,,,,5879.333333333333,,,,,254.29999999999998,3951.9999999999995,12500.0,,,,,,,
264,nwisca.01.01707869,,,9223.333333333334,,,,,9030.0,,,,,325.93333333333334,2975.0,14900.0,,,,,,,
265,nwisca.01.01707877,,,6766.666666666667,,,,,2556.6666666666665,,,,,633.0,5500.0,16500.0,,,,,,,
266,nwisca.01.01707878,,,7310.0,,,,,2686.6666666666665,,,,,379.40000000000003,3398.3333333333335,12800.0,,,,,,,
267,nwisca.01.01707879,,,10920.0,,,,,10170.0,,,,,216.33333333333334,2983.3333333333335,14600.0,,,,,,,
268,nwisca.01.01707880,,,7466.666666666667,,,,,2623.3333333333335,,,,,327.3666666666667,4563.333333333333,16100.000000000002,,,,,,,
269,nwisca.01.01707881,,,7010.0,,,,,3870.6666666666665,,,,,342.43333333333334,3218.0,14400.0,,,,,,,
270,nwisca.01.01707882,,,7171.333333333333,,,,,4004.0,,,,,261.8333333333333,4080.0,16299.999999999998,,,,,,,
271,nwisca.01.01707885,,,4922.0,,,,,5207.666666666667,,,,,171.26666666666665,4130.666666666667,12000.0,,,,,,,
272,nwisca.01.01707887,,,9263.333333333334,,,,,6820.0,,,,,325.53333333333336,4195.666666666667,18100.0,,,,,,,
273,nwisca.01.01707889,,,4061.0,,,,,2635.6666666666665,,,,,182.5666666666667,5814.0,9900.0,,,,,,,
274,nwisca.01.01707891,,,10133.333333333334,,,,,4503.666666666667,,,,,376.2,4437.666666666667,14600.0,,,,,,,
275,nwisca.01.01707893,,,6304.333333333333,,,,,2686.0,,,,,270.73333333333335,4559.0,16800.0,,,,,,,
276,nwisca.01.01707899,,,7890.0,,,,,3311.0,,,,,465.43333333333334,5945.0,14700.0,,,,,,,
277,nwisca.01.01707900,,,8056.666666666667,,,,,3622.0,,,,,352.23333333333335,5092.0,16000.0,,,,,,,
278,nwisca.01.01707901,,,10080.0,,,,,3436.3333333333335,,,,,416.26666666666665,4056.0,14900.0,,,,,,,
279,nwisca.01.01707902,,,7910.0,,,,,5775.0,,,,,316.3333333333333,4988.0,16900.0,,,,,,,
280,nwisca.01.01707903,,,3820.6666666666665,,,,,5311.0,,,,,241.4333333333333,4018.0,13899.999999999998,,,,,,,
281,nwisca.01.01707908,,,6480.0,,,,,13400.0,,,,,183.23333333333335,3919.3333333333335,14300.0,,,,,,,
282,nwisca.01.01707915,,,13220.0,,,,,3353.0,,,,,387.4666666666667,4148.666666666667,16299.999999999998,,,,,,,
283,nwisca.01.01707916,,,8223.333333333334,,,,,5166.0,,,,,313.1333333333333,4133.0,15800.0,,,,,,,
284,nwisca.01.01707917,,,7566.666666666667,,,,,5435.666666666667,,,,,251.23333333333335,3625.0,16500.0,,,,,,,
285,nwisca.01.01707923,,,9153.333333333334,,,,,4642.666666666667,,,,,304.90000000000003,3097.6666666666665,16000.0,,,,,,,
286,nwisca.01.01707924,,,8150.0,,,,,9546.666666666666,,,,,326.26666666666665,3768.3333333333335,14200.0,,,,,,,
287,nwisca.01.01707925,,,10249.999999999998,,,,,5610.0,,,,,417.3666666666666,3093.3333333333335,16299.999999999998,,,,,,,
288,nwisca.01.01707926,,,4326.666666666667,,,,,3468.6666666666665,,,,,191.96666666666667,6742.666666666667,18200.0,,,,,,,
289,nwisca.01.01707927,,,6616.666666666667,,,,,5656.666666666667,,,,,293.56666666666666,4046.3333333333335,14900.0,,,,,,,
290,nwisca.01.01707929,,,17800.0,,,,,4200.0,,,,,299.0,16600.0,16900.0,,,,,,,
291,nwisca.01.01708200,,,5404.333333333333,,,,,3626.3333333333335,,,,,220.86666666666667,5262.333333333333,10700.0,,,,,,,
292,nwisca.01.01708201,,,8823.333333333334,,,,,6870.0,,,,,456.76666666666665,4201.666666666667,12500.0,,,,,,,
293,nwisca.01.01708203,,,13800.0,,,,,6650.0,,,,,470.8333333333333,4577.333333333333,13899.999999999998,,,,,,,
294,nwisca.01.01708204,,,6813.333333333333,,,,,6390.0,,,,,339.1333333333333,4066.3333333333326,14600.0,,,,,,,
295,nwisca.01.01708218,,,4100.0,,,,,2933.3333333333335,,,,,171.4333333333333,6470.333333333333,11700.0,,,,,,,
296,nwisca.01.01708219,,,7856.666666666667,,,,,1925.6666666666667,,,,,198.86666666666667,5338.333333333333,15300.0,,,,,,,
297,nwisca.01.01709014,,,,,,,,,,,,,,,,,,,,,,
298,nwisca.01.01709015,,,,,,,,,,,,,,,,,,,,,,
299,nwisca.01.01709016,,,,,,,,,,,,,,,,,,,,,,
300,nwisca.01.01709017,,,,,,,,,,,,,,,,,,,,,,
301,nwisca.01.01709018,,,,,,,,,,,,,,,,,,,,,,
302,nwisca.01.01709019,,,,,,,,,,,,,,,,,,,,,,
303,nwisca.01.01709020,,,,,,,,,,,,,,,,,,,,,,
304,nwisca.01.01709021,,,,,,,,,,,,,,,,,,,,,,
305,nwisca.01.01709022,,,,,,,,,,,,,,,,,,,,,,
306,nwisca.01.01709023,,,,,,,,,,,,,,,,,,,,,,
307,nwisca.01.01709024,,,,,,,,,,,,,,,,,,,,,,
308,nwisca.01.01709026,,,,,,,,,,,,,,,,,,,,,,
309,nwisca.01.01709027,,,,,,,,,,,,,,,,,,,,,,
310,nwisca.01.01709028,,,,,,,,,,,,,,,,,,,,,,
311,nwisca.01.01709029,,,,,,,,,,,,,,,,,,,,,,
312,nwisca.01.01709030,,,,,,,,,,,,,,,,,,,,,,
313,nwisca.01.01709031,,,,,,,,,,,,,,,,,,,,,,
314,nwisca.01.01709032,,,,,,,,,,,,,,,,,,,,,,
315,nwisca.01.01709033,,,,,,,,,,,,,,,,,,,,,,
316,nwisca.01.01709034,,,,,,,,,,,,,,,,,,,,,,
317,nwisca.01.01709035,,,,,,,,,,,,,,,,,,,,,,
318,nwisca.01.01709036,,,,,,,,,,,,,,,,,,,,,,
319,nwisca.01.01709037,,,,,,,,,,,,,,,,,,,,,,
320,nwisca.01.01709038,,,,,,,,,,,,,,,,,,,,,,
321,nwisca.01.01709039,,,,,,,,,,,,,,,,,,,,,,
322,nwisca.01.01709040,,,,,,,,,,,,,,,,,,,,,,
323,nwisca.01.01709041,,,,,,,,,,,,,,,,,,,,,,
324,nwisca.01.01709042,,,,,,,,,,,,,,,,,,,,,,
325,nwisca.01.01709043,,,,,,,,,,,,,,,,,,,,,,
326,nwisca.01.01709044,,,,,,,,,,,,,,,,,,,,,,
327,nwisca.01.01709045,,,,,,,,,,,,,,,,,,,,,,
328,nwisca.01.01709046,,,,,,,,,,,,,,,,,,,,,,
329,nwisca.01.01709047,,,,,,,,,,,,,,,,,,,,,,
330,nwisca.01.01709048,,,,,,,,,,,,,,,,,,,,,,
331,nwisca.01.01709049,,,,,,,,,,,,,,,,,,,,,,
332,nwisca.01.01709576,,,,,,,,,,,,,,,,,,,,,,
333,nwisca.01.01804966,3e-05,754.0,49.8,67.2,0.0,246.0,4.2441,29.4,16.6506815,3.39,0.024888,4.300000000000001,,1.55,34.9,0.97,230000.0,632.0,43.1,,22.0,7.65
334,nwisca.01.01804967,5e-05,759.0,57.7,30.2,912000.0,260.0,11.6616,27.9,45.830444,9.28,0.034778,4.9,,1.4,26.2,0.71,180000.0,593.5,33.9,,19.5,7.55
335,nwisca.01.01804968,5e-05,756.0,46.4,16.7,654000.0,236.0,6.204899999999999,29.0,24.3938535,4.68,0.036919,8.25,,0.79,13.4,0.38,110000.0,477.5,27.8,,18.0,7.5
336,nwisca.01.01804969,6e-05,753.0,125.0,200.0,644000.0,647.0,5.0181000000000004,80.7,19.7150915,3.82,0.064937,4.1,,3.47,121.0,2.07,290000.0,1630.0,139.0,,19.5,7.5
337,nwisca.01.01804970,0.00016,757.0,121.0,126.0,706000.0,532.0,5.3535,55.5,21.0580025,4.26,0.049939,5.2,,2.49,60.1,1.14,200000.0,1205.0,73.8,,19.0,7.199999999999999
338,nwisca.01.02104056,1e-05,750.0,32.8,44.6,786000.0,97.8,0.25542000000000004,3.86,1.0037553000000001,0.21,,2.3000000000000003,,0.43,27.3,1.2,380000.0,319.0,13.0,,18.5,8.0
339,nwisca.01.02104681,0.0001,742.0,93.3,18.4,681000.0,525.0,,70.2,,,0.008075,0.35,,1.09,24.3,0.46,90000.0,942.0,31.1,,18.5,7.35
340,nwisca.01.02104682,6e-05,719.0,69.7,20.2,579000.0,287.0,,26.8,,1.06,0.019943000000000002,0.4,,3.72,63.1,1.63,320000.0,748.5,62.9,,16.5,7.6
341,nwisca.01.02202899,4e-05,765.0,123.0,339.0,,491.0,0.37023,44.5,1.4550594499999998,,0.103171,0.4,,2.92,159.0,3.13,410000.0,1715.0,88.2,,18.0,7.7
342,nwisca.01.02202900,4e-05,762.0,58.5,47.9,,217.0,0.8772000000000001,17.2,3.447998,,0.026203,4.4,,1.34,17.5,0.52,150000.0,493.0,39.6,,17.5,7.65
343,nwisca.01.02202901,4e-05,762.0,75.2,61.1,,366.0,4.1151,43.0,16.1649465,,0.031148000000000002,0.5,,1.36,35.6,0.81,170000.0,799.5,62.1,,20.0,7.7
344,nwisca.01.02202902,5e-05,755.0,18.5,37.7,,324.0,3.8184,67.5,15.007756,,0.11701700000000001,3.9000000000000004,,0.79,24.8,0.6,140000.0,653.0,35.0,,19.5,7.7
345,nwisca.01.02202903,5e-05,764.0,31.2,64.8,,173.0,2.0511000000000004,23.0,8.058186500000001,,0.10877900000000001,4.3,,2.9,42.4,1.4,340000.0,535.0,29.6,,20.5,7.6
346,nwisca.01.02202904,3e-05,764.0,29.5,40.1,,214.0,8.3979,34.0,33.0013485,,0.122125,3.05,,1.34,26.3,0.78,210000.0,514.0,36.4,,17.5,7.8
347,nwisca.01.02203364,2e-05,762.0,40.1,115.0,,147.0,,11.1,,,0.118006,0.35,,2.29,129.0,4.65,650000.0,871.5,46.1,,22.5,7.85
348,nwisca.01.02203365,4e-05,760.0,94.2,63.8,,327.0,0.15093,22.0,0.5869526,,0.118006,0.4,,1.9,45.9,1.11,230000.0,795.5,61.6,,19.5,7.75
349,nwisca.01.02203366,4e-05,759.0,83.4,48.3,,304.0,5.1987000000000005,23.2,20.4151205,,0.053069000000000005,1.6,,1.28,32.8,0.82,190000.0,701.0,36.5,,20.5,7.7
350,nwisca.01.02204967,4e-05,755.0,68.0,44.7,925000.0,294.0,4.5021,30.0,17.722151500000002,,0.029006999999999998,3.4000000000000004,,1.59,34.3,0.87,200000.0,669.5,48.8,,20.0,7.8
351,nwisca.01.02205378,9e-05,740.0,96.0,28.2,1030000.0,470.0,,55.7,,,0.007249,0.2,,1.81,18.8,0.38,80000.0,892.0,38.0,,18.5,7.5
352,nwisca.01.02205380,0.00015,754.0,187.0,273.0,1140000.0,1210.0,6.192,181.0,24.31528,,0.016975999999999998,1.85,,1.73,110.0,1.37,160000.0,2455.0,583.0,,19.0,7.25
353,nwisca.01.02205688,6e-05,751.0,47.0,56.5,1070000.0,230.0,4.5794999999999995,27.2,17.9935925,,0.031148000000000002,6.0,,1.27,23.9,0.69,180000.0,548.5,38.3,,19.5,7.5
354,nwisca.01.02205689,6e-05,747.0,65.5,10.3,1030000.0,409.0,,59.2,,,0.006923,0.2,,2.94,43.2,0.93,190000.0,862.5,164.0,,21.5,7.550000000000001
355,nwisca.01.02205770,3e-05,742.0,28.5,112.0,1050000.0,400.0,1.7286000000000001,79.6,6.803849,,0.05208,0.35,,0.9,44.9,0.98,200000.0,827.5,33.7,,25.0,7.75
356,nwisca.01.02205771,2e-05,752.0,45.0,115.0,930000.0,197.0,,20.2,,,0.046809,0.2,,1.44,208.0,6.49,700000.0,1320.0,182.0,,24.0,7.9
357,nwisca.01.02205772,4e-05,752.0,53.1,53.3,953000.0,228.0,4.347300000000001,23.1,17.079269500000002,,0.028018,0.65,,1.68,67.8,1.96,390000.0,730.0,26.5,,21.0,7.7
358,nwisca.01.02205774,3e-05,743.0,27.5,25.9,839000.0,185.0,0.25026000000000004,27.6,0.96825385,,0.00989,1.3,,3.24,125.0,4.04,590000.0,817.5,27.0,,20.5,7.8
359,nwisca.01.02205775,3e-05,731.0,46.9,96.2,941000.0,192.0,,17.8,,,0.014009,0.25,,1.73,126.0,3.98,590000.0,949.5,24.8,,20.5,7.7
360,nwisca.01.02206438,,,,,,,,,,,,,,,,,,,,,,
361,nwisca.01.02206439,,,,,,,,,,,,,,,,,,,,,,
362,nwisca.01.02206440,,,,,,,,,,,,,,,,,,,,,,
363,nwisca.01.02206441,,,,,,,,,,,,,,,,,,,,,,
364,nwisca.01.02206442,,,,,,,,,,,,,,,,,,,,,,
365,nwisca.01.02206443,,,,,,,,,,,,,,,,,,,,,,
366,nwisca.01.02206448,,,,,,,,,,,,,,,,,,,,,,
367,nwisca.01.02206449,,,,,,,,,,,,,,,,,,,,,,
368,nwisca.01.02206450,,,,,,,,,,,,,,,,,,,,,,
369,nwisca.01.02206451,,,,,,,,,,,,,,,,,,,,,,
370,nwisca.01.02206452,,,,,,,,,,,,,,,,,,,,,,
371,nwisca.01.02206453,,,,,,,,,,,,,,,,,,,,,,
372,nwisca.01.02206454,,,,,,,,,,,,,,,,,,,,,,
373,nwisca.01.02206458,,,,,,,,,,,,,,,,,,,,,,
374,nwisca.01.02206459,,,,,,,,,,,,,,,,,,,,,,
375,nwisca.01.02206460,,,,,,,,,,,,,,,,,,,,,,
376,nwisca.01.02206461,,,,,,,,,,,,,,,,,,,,,,
377,nwisca.01.02206462,,,,,,,,,,,,,,,,,,,,,,
378,nwisca.01.02206471,,,,,,,,,,,,,,,,,,,,40.0,,
379,nwisca.01.02206472,,,,,,,,,,,,,,,,,,,,27.0,,
380,nwisca.01.02206473,,,,,,,,,,,,,,,,,,,,17.0,,
381,nwisca.01.02206474,,,,,,,,,,,,,,,,,,,,14.0,,
382,nwisca.01.02206475,,,,,,,,,,,,,,,,,,,,8.0,,
383,nwisca.01.02206481,,,,,,,,,,,,,,,,,,,,67.0,,
384,nwisca.01.02206482,,,,,,,,,,,,,,,,,,,,68.0,,
385,nwisca.01.02206483,,,,,,,,,,,,,,,,,,,,20.0,,
386,nwisca.01.02206484,,,,,,,,,,,,,,,,,,,,41.0,,
387,nwisca.01.02206485,,,,,,,,,,,,,,,,,,,,25.0,,
388,nwisca.01.02206486,,,,,,,,,,,,,,,,,,,,16.0,,
389,nwisca.01.02206487,,,,,,,,,,,,,,,,,,,,16.0,,
390,nwisca.01.02206491,,,,,,,,,,,,,,,,,,,,30.0,,
391,nwisca.01.02206492,,,,,,,,,,,,,,,,,,,,40.0,,
392,nwisca.01.02206493,,,,,,,,,,,,,,,,,,,,54.0,,
393,nwisca.01.02206494,,,,,,,,,,,,,,,,,,,,15.0,,
394,nwisca.01.02207570,,,,,,,,,,,,,,,,,,,,,,
395,nwisca.01.02207571,,,,,,,,,,,,,,,,,,,,,,
396,nwisca.01.02207572,,,,,,,,,,,,,,,,,,,,,,
397,nwisca.01.02207573,,,,,,,,,,,,,,,,,,,,,,
398,nwisca.01.02207574,,,,,,,,,,,,,,,,,,,,,,
399,nwisca.01.02207575,,,,,,,,,,,,,,,,,,,,,,
400,nwisca.01.02207580,,,,,,,,,,,,,,,,,,,,,,
401,nwisca.01.02207581,,,,,,,,,,,,,,,,,,,,,,
402,nwisca.01.02207582,,,,,,,,,,,,,,,,,,,,,,
403,nwisca.01.02207583,,,,,,,,,,,,,,,,,,,,,,
404,nwisca.01.02207584,,,,,,,,,,,,,,,,,,,,,,
405,nwisca.01.02207585,,,,,,,,,,,,,,,,,,,,,,
406,nwisca.01.02300016,0.00023,750.0,,25.6,964000.0,,8.2302,,32.379892999999996,,0.022747000000000003,3.9000000000000004,,,,,,536.0,28.7,,19.0,7.15
407,nwisca.01.02300017,2e-05,739.0,65.2,135.0,932000.0,245.0,0.1548,19.4,0.59280995,,0.022747000000000003,0.30000000000000004,,1.92,215.0,6.01,660000.0,1340.0,154.0,,19.0,7.95
408,nwisca.01.02300018,0.00029,750.0,55.2,132.0,909000.0,323.0,4.8246,44.7,18.936489,,0.064774,6.65,,0.88,71.2,1.73,320000.0,935.0,17.5,,21.0,7.35
409,nwisca.01.02300171,1e-05,755.0,13.9,18.3,867000.0,70.1,0.62436,8.53,2.45010005,,0.014998000000000001,2.05,,3.45,105.0,5.45,750000.0,555.0,33.3,,18.0,8.149999999999999
410,nwisca.01.02300172,0.00013,729.0,125.0,70.5,836000.0,718.0,,98.2,,,0.01302,0.30000000000000004,,2.09,60.7,0.99,160000.0,1430.0,208.0,,19.5,7.25
411,nwisca.01.02300909,,,,,,,,,,,,,,,,,,,,3.0,,
412,nwisca.01.02300917,,,,,,,,,,,,,,,,,,,,,,
413,nwisca.01.02303151,,,,,,,,,,,,,,,,,,,,,,
414,nwisca.01.02303159,,,,,,,,,,,,,,,,,,,,21.0,,
415,nwisca.01.02303295,,,,,,,,,,,,,,,,,,,,,,
416,nwisca.01.02303296,,,,,,,,,,,,,,,,,,,,,,
417,nwisca.01.02303297,,,,,,,,,,,,,,,,,,,,,,
418,nwisca.01.02303298,,,,,,,,,,,,,,,,,,,,,,
419,nwisca.01.02303299,,,,,,,,,,,,,,,,,,,,,,
420,nwisca.01.02303304,,,,,,,,,,,,,,,,,,,,,,
421,nwisca.01.02303305,,,,,,,,,,,,,,,,,,,,,,
422,nwisca.01.02303306,,,,,,,,,,,,,,,,,,,,,,
423,nwisca.01.02303307,,,,,,,,,,,,,,,,,,,,,,
424,nwisca.01.02303308,,,,,,,,,,,,,,,,,,,,,,
425,nwisca.01.02303313,,,,,,,,,,,,,,,,,,,,22.0,,
426,nwisca.01.02303314,,,,,,,,,,,,,,,,,,,,10.0,,
427,nwisca.01.02303315,,,,,,,,,,,,,,,,,,,,8.0,,
428,nwisca.01.02303316,,,,,,,,,,,,,,,,,,,,9.0,,
429,nwisca.01.02303317,,,,,,,,,,,,,,,,,,,,8.0,,
430,nwisca.01.02303322,,,,,,,,,,,,,,,,,,,,11.0,,
431,nwisca.01.02303323,,,,,,,,,,,,,,,,,,,,22.0,,
432,nwisca.01.02303324,,,,,,,,,,,,,,,,,,,,28.0,,
433,nwisca.01.02303325,,,,,,,,,,,,,,,,,,,,4.0,,
434,nwisca.01.02303326,,,,,,,,,,,,,,,,,,,,6.0,,
435,nwisca.01.02306533,,,,,,,,,,,,,,,,,,,,,,
436,nwisca.01.02306541,,,,,,,,,,,,,,,,,,,,8.0,,
437,nwisca.01.02307261,,,,,,,,,,,,,,,,,,,,,,
438,nwisca.01.02307269,,,,,,,,,,,,,,,,,,,,3.0,,
439,nwisca.01.02400875,,,,,,,,,,,,,,,,,,,,,,
440,nwisca.01.02400883,,,,,,,,,,,,,,,,,,,,13.0,,
